time,flux,flux_err,centroid_col,centroid_row,cadenceno,quality
1711.39013671875,1570.38623046875,3.6313793659210205,114.97967795977242,1986.9383645621738,0,0
1711.4109497070312,1572.5047607421875,3.640798330307007,114.97859783011263,1986.9397518750836,1,0
1711.4318237304688,1571.461669921875,3.629781484603882,114.97910054201628,1986.938035910676,2,0
1711.45263671875,1573.258056640625,3.637589693069458,114.97903465242824,1986.937819770983,3,0
1711.4734497070312,1569.70947265625,3.640028238296509,114.97918430662895,1986.938485919655,4,0
1711.4943237304688,1571.923583984375,3.6413793563842773,114.979517720004,1986.9395088318126,5,0
1711.51513671875,1573.289306640625,3.647538185119629,114.97924328926834,1986.9398527286505,6,0
1711.5359497070312,1574.03271484375,3.6279947757720947,114.97970191848044,1986.9387781151402,7,0
1711.5568237304688,1573.6778564453125,3.6505284309387207,114.97918718233599,1986.938329403504,8,0
1711.57763671875,1570.1505126953125,3.628314971923828,114.97874531988802,1986.93974881815,9,0
1711.5984497070312,1572.6876220703125,3.6328213214874268,114.97821424210909,1986.9388906836107,10,0
1711.6193237304688,1573.011474609375,3.6351137161254883,114.97780810112594,1986.9382316405029,11,0
1711.64013671875,1573.3944091796875,3.631622791290283,114.97876172479276,1986.937987310275,12,0
1711.6609497070312,1569.802490234375,3.627263069152832,114.97837781113923,1986.93820401441,13,0
1711.6818237304688,1573.270263671875,3.6272971630096436,114.97950751383239,1986.9391813984541,14,0
1711.70263671875,1571.71826171875,3.628601312637329,114.9795468002991,1986.937472554498,15,0
1711.7234497070312,1570.458251953125,3.6284573078155518,114.97968593594469,1986.9388197333053,16,0
1711.7443237304688,1571.0093994140625,3.6304216384887695,114.97802667876951,1986.9392410504386,17,0
1711.76513671875,1571.3865966796875,3.6399216651916504,114.97793854895116,1986.9380969127228,18,0
1711.7859497070312,1570.660888671875,3.6272473335266113,114.97872228518331,1986.9387951106773,19,0
1711.8068237304688,1572.86962890625,3.6368696689605713,114.98036726651904,1986.938766768791,20,0
1711.82763671875,1570.0887451171875,3.630392551422119,114.97817997931453,1986.9388266767178,21,0
1711.8484497070312,1572.7437744140625,3.6492667198181152,114.97887340860703,1986.9394477238561,22,0
1711.8693237304688,1570.3951416015625,3.6369516849517822,114.97857638594424,1986.9388420226173,23,0
1711.89013671875,1572.7960205078125,3.637277603149414,114.97843117946624,1986.9397263209733,24,0
1711.9109497070312,1571.7738037109375,3.6486551761627197,114.9785119021315,1986.9392196809856,25,0
1711.9318237304688,1571.04541015625,3.6428139209747314,114.97853593324446,1986.9387088865706,26,0
1711.95263671875,1571.361572265625,3.6269724369049072,114.97930240400653,1986.9388300155354,27,0
1711.9734497070312,1569.5399169921875,3.639394998550415,114.97977394195263,1986.9390895229003,28,0
1711.9943237304688,1571.2689208984375,3.6272060871124268,114.97809385763568,1986.9400072522683,29,0
1712.01513671875,1569.984130859375,3.675976276397705,114.97956223938309,1986.9394870643036,30,0
1712.0359497070312,1568.4970703125,3.6354117393493652,114.97781886443967,1986.9390620126128,31,0
1712.0568237304688,1570.188232421875,3.6380040645599365,114.97828474960161,1986.9394185967142,32,0
1712.07763671875,1571.049072265625,3.628420829772949,114.97811617086637,1986.9390407787578,33,0
1712.0984497070312,1571.454833984375,3.6355528831481934,114.9779608009037,1986.9391262462366,34,0
1712.1193237304688,1569.282470703125,3.627018451690674,114.97811405483479,1986.939068844287,35,0
1712.14013671875,1573.92919921875,3.627986431121826,114.97788828326674,1986.939674320137,36,0
1712.1609497070312,1568.3505859375,3.6307971477508545,114.97845798559892,1986.938336409186,37,0
1712.1818237304688,1569.9951171875,3.6294710636138916,114.97861406028893,1986.9385639005086,38,0
1712.20263671875,1571.277099609375,3.632889986038208,114.97905590215028,1986.9396420688256,39,0
1712.2234497070312,1572.6680908203125,3.641812801361084,114.97917903895252,1986.939427927494,40,0
1712.2443237304688,1574.7884521484375,3.6301651000976562,114.97877113640713,1986.9391695115455,41,0
1712.26513671875,1574.552001953125,3.6308844089508057,114.97980150952846,1986.9385709096941,42,0
1712.2859497070312,1577.7427978515625,3.649038076400757,114.97941445286602,1986.9394656920701,43,0
1712.3068237304688,1579.38818359375,3.6372179985046387,114.97924102250148,1986.939577931433,44,0
1712.32763671875,1583.230712890625,3.629432439804077,114.97911128491623,1986.9392127735562,45,0
1712.3484497070312,1585.829345703125,3.6323070526123047,114.97871220859119,1986.938973969053,46,0
1712.3693237304688,1588.4169921875,3.649038314819336,114.97796195825923,1986.9403714151642,47,0
1712.39013671875,1591.67724609375,3.6344807147979736,114.97852764241485,1986.939741215214,48,0
1712.4109497070312,1598.808837890625,3.634537935256958,114.9792526281086,1986.9400922046457,49,0
1712.4318237304688,1601.5491943359375,3.6283068656921387,114.97901121091631,1986.9395432667848,50,0
1712.45263671875,1604.96240234375,3.638050079345703,114.9792883183504,1986.940623856277,51,0
1712.4734497070312,1605.8687744140625,3.634537696838379,114.98030828237216,1986.93984186916,52,0
1712.4943237304688,1614.4166259765625,3.645073890686035,114.98015957254961,1986.9402914912862,53,0
1712.51513671875,1615.91796875,3.6367359161376953,114.97910808039222,1986.9400396503142,54,0
1712.5359497070312,1619.8546142578125,3.6371676921844482,114.97975380126782,1986.9404737857228,55,0
1712.5568237304688,1625.7796630859375,3.639756441116333,114.97942340915608,1986.9418942492812,56,0
1712.57763671875,1629.944091796875,3.6411471366882324,114.98082592498395,1986.9408684230116,57,0
1712.5984497070312,1634.5997314453125,3.6354820728302,114.98005191648406,1986.9406110954658,58,0
1712.6193237304688,1639.53076171875,3.64062762260437,114.97994416625791,1986.9415462813145,59,0
1712.64013671875,1643.443115234375,3.639209032058716,114.97936813112536,1986.9410026423363,60,0
1712.6609497070312,1645.834716796875,3.681525468826294,114.98014354047467,1986.9415917038143,61,0
1712.6818237304688,1646.39794921875,3.634506940841675,114.98035578602436,1986.940462807508,62,0
1712.70263671875,1645.89453125,3.6418700218200684,114.98134932013011,1986.9430727166641,63,0
1712.7234497070312,1652.5526123046875,3.63923978805542,114.97966758375918,1986.9412529655124,64,0
1712.7443237304688,1655.201416015625,3.6353962421417236,114.9799100403336,1986.9431557401833,65,0
1712.76513671875,1658.791748046875,3.639871597290039,114.98025972192438,1986.9419210785895,66,0
1712.7859497070312,1661.209716796875,3.6433944702148438,114.9804198971535,1986.9424931458934,67,0
1712.8068237304688,1667.56982421875,3.6412134170532227,114.98029622424333,1986.941758840229,68,0
1712.82763671875,1674.2806396484375,3.644752264022827,114.97889346863417,1986.9427893509244,69,0
1712.8484497070312,1676.60302734375,3.642273426055908,114.97946398772106,1986.9432648558413,70,0
1712.8693237304688,1683.162109375,3.6546380519866943,114.9804657810326,1986.9437538147831,71,0
1712.89013671875,1677.803466796875,3.65602970123291,114.98128476737644,1986.9435052460005,72,0
1712.9109497070312,1679.5372314453125,3.6385674476623535,114.98045415618215,1986.9425641658058,73,0
1712.9318237304688,1676.6551513671875,3.649050712585449,114.98023424774333,1986.942051817529,74,0
1712.95263671875,1672.2099609375,3.6732547283172607,114.9799345655339,1986.9425267199679,75,0
1712.9734497070312,1669.54541015625,3.638158082962036,114.98029080532483,1986.9420560801134,76,0
1712.9943237304688,1671.4725341796875,3.6483895778656006,114.97948557892478,1986.9426836231678,77,0
1713.01513671875,1675.440673828125,3.638338565826416,114.9803646902306,1986.9427348743661,78,0
1713.0359497070312,1676.5074462890625,3.6490631103515625,114.9808283655342,1986.9424441670055,79,0
1713.0568237304688,1681.510498046875,3.656299352645874,114.9810069507411,1986.942323444163,80,0
1713.07763671875,1686.878662109375,3.6408112049102783,114.98088031183357,1986.9441148035555,81,0
1713.0984497070312,1693.6044921875,3.661552667617798,114.98084597291569,1986.9435589106622,82,0
1713.1193237304688,1699.1602783203125,3.6436803340911865,114.98056251360948,1986.9439688334103,83,0
1713.14013671875,1703.1817626953125,3.6500110626220703,114.98168529718583,1986.9437414911988,84,0
1713.1609497070312,1703.8109130859375,3.6451430320739746,114.9810974386104,1986.9438152381147,85,0
1713.1818237304688,1703.706298828125,3.6471407413482666,114.98086546686115,1986.9444345239247,86,0
1713.20263671875,1699.773193359375,3.640472412109375,114.98020691632084,1986.944222546063,87,0
1713.2234497070312,1697.005859375,3.655488967895508,114.98173478003538,1986.94395017448,88,0
1713.2443237304688,1691.2410888671875,3.6526451110839844,114.98194202457847,1986.9427640235078,89,0
1713.26513671875,1686.402587890625,3.642824649810791,114.98041066383593,1986.943087817164,90,0
1713.2859497070312,1682.759521484375,3.6387994289398193,114.97973285196565,1986.9424297556518,91,0
1713.3068237304688,1682.8961181640625,3.66351056098938,114.9794539192393,1986.942209839344,92,0
1713.32763671875,1681.556884765625,3.64174485206604,114.97921904901769,1986.944130738145,93,0
1713.3484497070312,1682.3074951171875,3.6414577960968018,114.98022873188427,1986.9431072829495,94,0
1713.3693237304688,1686.127685546875,3.640521764755249,114.98126658521058,1986.9433230405543,95,0
1713.39013671875,1689.4617919921875,3.6413707733154297,114.98054307308105,1986.9431140111203,96,0
1713.4109497070312,1694.1434326171875,3.6455276012420654,114.98055427479045,1986.9430402142953,97,0
1713.4318237304688,1698.0703125,3.6535298824310303,114.98086283818834,1986.9426719312162,98,0
1713.45263671875,1701.52099609375,3.6480469703674316,114.98131298040155,1986.9437846154563,99,0
1713.4734497070312,1704.4569091796875,3.665498971939087,114.98100985174223,1986.9438617062015,100,0
1713.4943237304688,1706.69775390625,3.662905216217041,114.98042698094336,1986.9432965683084,101,0
1713.51513671875,1711.3477783203125,3.6436662673950195,114.98146699589232,1986.9439810416466,102,0
1713.5359497070312,1715.103515625,3.641547918319702,114.98071826285141,1986.9440904203861,103,0
1713.5568237304688,1718.7655029296875,3.642714023590088,114.98156477920973,1986.9436061283395,104,0
1713.57763671875,1721.6038818359375,3.6483423709869385,114.98071672221246,1986.94462699329,105,0
1713.5984497070312,1723.1396484375,3.645650625228882,114.98024456005827,1986.9445288347374,106,0
1713.6193237304688,1725.6314697265625,3.6511948108673096,114.98074673220634,1986.9442625505849,107,0
1713.64013671875,1726.669677734375,3.66762638092041,114.97963839808304,1986.9443027716463,108,0
1713.6609497070312,1729.41162109375,3.6544270515441895,114.98108803416874,1986.9451419867808,109,0
1713.6818237304688,1728.8233642578125,3.6425094604492188,114.9805180959661,1986.945218201265,110,0
1713.70263671875,1731.528076171875,3.6532249450683594,114.98115076175857,1986.9441329933609,111,0
1713.7234497070312,1730.424072265625,3.6776187419891357,114.98063825575632,1986.9436573260145,112,0
1713.7443237304688,1733.43701171875,3.6461331844329834,114.98143420716835,1986.943800995344,113,0
1713.76513671875,1735.5213623046875,3.6473124027252197,114.98112284630844,1986.9450789265766,114,0
1713.7859497070312,1738.4259033203125,3.6685538291931152,114.98200316546692,1986.9456536446933,115,0
1713.8068237304688,1743.9461669921875,3.6478922367095947,114.98078990399756,1986.9448880498785,116,0
1713.82763671875,1746.2491455078125,3.6824800968170166,114.98044531376647,1986.9443916589357,117,0
1713.8484497070312,1750.3109130859375,3.657238006591797,114.9807948985347,1986.9436886021297,118,0
1713.8693237304688,1751.7313232421875,3.6517324447631836,114.98047982210402,1986.944657883457,119,0
1713.89013671875,1751.945068359375,3.653115749359131,114.98040958277818,1986.9443295586505,120,0
1713.9109497070312,1747.1185302734375,3.6472291946411133,114.98065096722107,1986.9458412970016,121,0
1713.9318237304688,1742.272216796875,3.6507935523986816,114.98098065789121,1986.9438911637844,122,0
1713.95263671875,1735.765625,3.7003047466278076,114.98160687004058,1986.9446182983772,123,0
1713.9734497070312,1727.0867919921875,3.6557095050811768,114.98160666179211,1986.9435741992233,124,0
1713.9943237304688,1723.9095458984375,3.6431493759155273,114.98069119320574,1986.9442863971485,125,0
1714.01513671875,1721.0382080078125,3.654971122741699,114.98218219068434,1986.944229371125,126,0
1714.0359497070312,1719.977783203125,3.657459020614624,114.98021706156213,1986.9444809772963,127,0
1714.0568237304688,1725.1959228515625,3.6472511291503906,114.98167214505543,1986.9433817366757,128,0
1714.07763671875,1730.99755859375,3.6489222049713135,114.9793811950242,1986.9438306169418,129,0
1714.0984497070312,1732.9019775390625,3.644669771194458,114.98023203194887,1986.9433669928562,130,0
1714.1193237304688,1739.492431640625,3.6451256275177,114.9809995100324,1986.9444504327814,131,0
1714.14013671875,1744.270751953125,3.6524338722229004,114.98135767761168,1986.944393155228,132,0
1714.1609497070312,1743.760498046875,3.680067777633667,114.98149946733912,1986.9447270702756,133,0
1714.1818237304688,1742.8919677734375,3.654334545135498,114.98054104523739,1986.9457619820348,134,0
1714.20263671875,1740.90625,3.6525275707244873,114.98135667353176,1986.9442182167463,135,0
1714.2234497070312,1733.4542236328125,3.650114059448242,114.98085068670677,1986.9446105590123,136,0
1714.2443237304688,1729.4482421875,3.6426029205322266,114.97839843121366,1986.9445348519585,137,0
1714.26513671875,1723.641357421875,3.648484468460083,114.98144293902226,1986.944662641545,138,0
1714.2859497070312,1720.1024169921875,3.649343252182007,114.98034855953898,1986.9443504557032,139,0
1714.3068237304688,1718.9638671875,3.6443610191345215,114.98083137133789,1986.9451726337036,140,0
1714.32763671875,1716.289306640625,3.644846200942993,114.98271758672679,1986.943504468258,141,0
1714.3484497070312,1714.6953125,3.668562889099121,114.98067869129332,1986.9431835874318,142,0
1714.3693237304688,1716.06787109375,3.6400575637817383,114.98049182289294,1986.9427667948876,143,0
1714.39013671875,1716.9759521484375,3.655963897705078,114.980389790826,1986.9442645061126,144,0
1714.4109497070312,1720.175048828125,3.6622397899627686,114.98166333893333,1986.9444646799948,145,0
1714.4318237304688,1725.214111328125,3.6459176540374756,114.98153874979003,1986.9440147031542,146,0
1714.45263671875,1730.464599609375,3.6432902812957764,114.98155854951966,1986.9441229701736,147,0
1714.4734497070312,1734.60400390625,3.665339469909668,114.98017433438547,1986.9437177002812,148,0
1714.4943237304688,1738.060791015625,3.6471142768859863,114.98166575760942,1986.944244939,149,0
1714.51513671875,1740.8394775390625,3.6437883377075195,114.981349480964,1986.9448789709554,150,0
1714.5359497070312,1743.8623046875,3.6505095958709717,114.98194494222203,1986.9460790215685,151,0
1714.5567626953125,1746.051513671875,3.6532742977142334,114.98040090839726,1986.9450000503368,152,0
1714.57763671875,1754.037109375,3.6744210720062256,114.981556150599,1986.9441325003452,153,0
1714.5984497070312,1755.31396484375,3.6473796367645264,114.98074947779942,1986.945058321439,154,0
1714.6192626953125,1757.641357421875,3.655754327774048,114.98249476268454,1986.9449300289514,155,0
1714.6400756835938,1759.037353515625,3.6467225551605225,114.98204729253241,1986.945184688669,156,0
1714.6609497070312,1756.0897216796875,3.6524181365966797,114.98120793663956,1986.944859778198,157,0
1714.6817626953125,1757.4173583984375,3.6616811752319336,114.98131212724694,1986.9452903927083,158,0
1714.7025756835938,1757.3017578125,3.6474218368530273,114.98093260222275,1986.9447633777759,159,0
1714.7234497070312,1757.0889892578125,3.6604866981506348,114.98056618512356,1986.9446160582902,160,0
1714.7442626953125,1759.7591552734375,3.648343324661255,114.98148941411897,1986.9454265994457,161,0
1714.7650756835938,1768.387939453125,3.6512346267700195,114.98054552389465,1986.945809495843,162,0
1714.7859497070312,1772.32421875,3.6652863025665283,114.98166738756709,1986.9456071594366,163,0
1714.8067626953125,1776.634521484375,3.6520020961761475,114.98160485056194,1986.9448583277392,164,0
1714.8275756835938,1783.1175537109375,3.6553220748901367,114.98062326580704,1986.9454233291178,165,0
1714.8484497070312,1783.7701416015625,3.6636064052581787,114.98134788397309,1986.9469080289707,166,0
1714.8692626953125,1790.0081787109375,3.6588058471679688,114.98190499160958,1986.9464131592697,167,0
1714.8900756835938,1788.0760498046875,3.6515183448791504,114.98265887632229,1986.945711093842,168,0
1714.9109497070312,1786.32373046875,3.6568763256073,114.9817047815556,1986.9452317118373,169,0
1714.9317626953125,1781.69091796875,3.6549878120422363,114.98066086574514,1986.9448232626353,170,0
1714.9525756835938,1772.4490966796875,3.653916120529175,114.98124384852984,1986.945653536735,171,0
1714.9734497070312,1766.01611328125,3.655364513397217,114.98145647216974,1986.9444730733735,172,0
1714.9942626953125,1759.5330810546875,3.651475429534912,114.98156357544472,1986.9449312808053,173,0
1715.0150756835938,1758.712646484375,3.6487560272216797,114.9822121644097,1986.9445832130825,174,0
1715.0359497070312,1755.3475341796875,3.649637460708618,114.98076644909072,1986.9447804654124,175,0
1715.0567626953125,1759.936767578125,3.646364688873291,114.98128680708216,1986.9453838579932,176,0
1715.0775756835938,1763.56298828125,3.6717495918273926,114.98056535778649,1986.9445342019317,177,0
1715.0984497070312,1768.64208984375,3.64811372756958,114.98088907602302,1986.945665483746,178,0
1715.1192626953125,1776.78125,3.6511611938476562,114.98028293398076,1986.9449992827401,179,0
1715.1400756835938,1781.816650390625,3.657341718673706,114.98199739193439,1986.9468689442408,180,0
1715.1609497070312,1781.67041015625,3.6716697216033936,114.98155000457677,1986.9461584382086,181,0
1715.1817626953125,1779.6468505859375,3.659404993057251,114.98223534791832,1986.945275780004,182,0
1715.2025756835938,1775.616943359375,3.6562108993530273,114.98118325503611,1986.9451405620462,183,0
1715.2234497070312,1771.5474853515625,3.6580607891082764,114.98163750643668,1986.9448541731251,184,0
1715.2442626953125,1764.8006591796875,3.65187668800354,114.9820232631427,1986.945552695821,185,0
1715.2650756835938,1754.5177001953125,3.649169683456421,114.98132587442198,1986.9455829412616,186,0
1715.2859497070312,1749.2171630859375,3.656367063522339,114.98229662864674,1986.944503817521,187,0
1715.3067626953125,1746.0089111328125,3.652428388595581,114.98150919490286,1986.945816587495,188,0
1715.3275756835938,1741.7598876953125,3.6537413597106934,114.98238528557002,1986.9438944410192,189,0
1715.3484497070312,1739.8519287109375,3.6476492881774902,114.98167073157983,1986.9449709311116,190,0
1715.3692626953125,1745.16748046875,3.6616737842559814,114.98072550476302,1986.9449107492844,191,0
1715.3900756835938,1745.6923828125,3.6479408740997314,114.98083112050645,1986.9453582188776,192,0
1715.4109497070312,1750.493896484375,3.6481997966766357,114.98065892710525,1986.9437841587119,193,0
1715.4317626953125,1755.566162109375,3.657318115234375,114.98132764001608,1986.9442596973577,194,0
1715.4525756835938,1764.958740234375,3.653735637664795,114.98129273684718,1986.9454341679127,195,0
1715.4734497070312,1772.021484375,3.651639699935913,114.98185923334987,1986.9442557125044,196,0
1715.4942626953125,1779.173828125,3.653486967086792,114.9810239089668,1986.9453053130321,197,0
1715.5150756835938,1786.453369140625,3.661139965057373,114.98083912427964,1986.945614804232,198,0
1715.5359497070312,1790.043701171875,3.6613354682922363,114.98160571460603,1986.9453867004436,199,0
1715.5567626953125,1795.8199462890625,3.6619455814361572,114.98077063862974,1986.9456816679115,200,0
1715.5775756835938,1798.4954833984375,3.665468454360962,114.98142560801995,1986.9465322374015,201,0
1715.5984497070312,1802.9560546875,3.663022994995117,114.98152713953918,1986.9469746779514,202,0
1715.6192626953125,1800.66064453125,3.657133102416992,114.98128870751377,1986.946794726694,203,0
1715.6400756835938,1799.9637451171875,3.6515753269195557,114.98145211054666,1986.945661145451,204,0
1715.6817626953125,1799.786376953125,3.6647427082061768,114.98039535128206,1986.9469154766225,205,0
1715.7025756835938,1797.6666259765625,3.655026912689209,114.98097136723393,1986.946259519838,206,0
1715.7234497070312,1802.44482421875,3.658412218093872,114.98079914887467,1986.9469361208342,207,0
1715.7442626953125,1805.86669921875,3.650235891342163,114.98057705125034,1986.9475989545522,208,0
1715.7650756835938,1807.618896484375,3.677841901779175,114.98116176315068,1986.9460408819846,209,0
1715.7859497070312,1813.6314697265625,3.6536097526550293,114.9813818744212,1986.9460167528098,210,0
1715.8067626953125,1818.6341552734375,3.6624417304992676,114.98082613858499,1986.9461036735117,211,0
1715.8275756835938,1824.9647216796875,3.665846586227417,114.98074696569142,1986.9470364383917,212,0
1715.8484497070312,1830.9527587890625,3.6644976139068604,114.98099190021578,1986.9467514858327,213,0
1715.8692626953125,1835.2391357421875,3.655076742172241,114.98146989622848,1986.9473253256774,214,0
1715.8900756835938,1834.4959716796875,3.658518075942993,114.98151177177613,1986.9471594834667,215,0
1715.9109497070312,1834.45703125,3.6646783351898193,114.98032197273173,1986.9476097979807,216,0
1715.9317626953125,1828.6590576171875,3.660276412963867,114.98040068255968,1986.94758323807,217,0
1715.9525756835938,1819.7119140625,3.653867244720459,114.98157136575372,1986.9474043457874,218,0
1715.9734497070312,1811.6806640625,3.675191879272461,114.98101950450662,1986.9465577970725,219,0
1715.9942626953125,1804.5782470703125,3.6512699127197266,114.98168776958562,1986.9468240941264,220,0
1716.0150756835938,1799.6468505859375,3.6544313430786133,114.97998041506217,1986.945259815582,221,0
1716.0359497070312,1798.8173828125,3.6582398414611816,114.98115877558172,1986.9460109170711,222,0
1716.0567626953125,1801.3023681640625,3.6491315364837646,114.98124500508902,1986.9453171733317,223,0
1716.0775756835938,1803.768798828125,3.6484270095825195,114.98059032046481,1986.946191459478,224,0
1716.0984497070312,1810.6402587890625,3.6623270511627197,114.98147184628085,1986.9466297079473,225,0
1716.1192626953125,1816.3878173828125,3.655592203140259,114.98058096053259,1986.9472084276526,226,0
1716.1400756835938,1824.077392578125,3.657222032546997,114.98176222936708,1986.9483525121927,227,0
1716.1609497070312,1829.6259765625,3.6644680500030518,114.98086577019829,1986.9474395304844,228,0
1716.1817626953125,1826.4891357421875,3.661186695098877,114.98138088342807,1986.9466586236122,229,0
1716.2025756835938,1825.3118896484375,3.662071466445923,114.98170112529597,1986.9466503276442,230,0
1716.2234497070312,1822.8544921875,3.6578025817871094,114.98153338243323,1986.9457820737725,231,0
1716.2442626953125,1816.516845703125,3.6558470726013184,114.98103150607899,1986.9460457582354,232,0
1716.2650756835938,1807.59375,3.654184103012085,114.980224892165,1986.946050826699,233,0
1716.2859497070312,1798.5472412109375,3.671844482421875,114.98055023385506,1986.9460981845089,234,0
1716.3067626953125,1789.5697021484375,3.6653900146484375,114.98150045139359,1986.9451963928757,235,0
1716.3275756835938,1783.3717041015625,3.6554083824157715,114.98048246363074,1986.9451733016615,236,0
1716.3484497070312,1779.32763671875,3.656414031982422,114.98018636752438,1986.94585851013,237,0
1716.3692626953125,1781.12158203125,3.650662422180176,114.98042453273084,1986.9451570247527,238,0
1716.3900756835938,1778.1796875,3.6568713188171387,114.97921007001652,1986.9454911333598,239,0
1716.4109497070312,1785.6427001953125,3.655618667602539,114.98090574334059,1986.9454488434326,240,0
1716.4317626953125,1791.8133544921875,3.6569156646728516,114.98120093388066,1986.9454401784647,241,0
1716.4525756835938,1800.75048828125,3.660919189453125,114.98090623734896,1986.9463012196927,242,0
1716.4734497070312,1809.5914306640625,3.6569156646728516,114.9804951176703,1986.9469551185082,243,0
1716.4942626953125,1821.0384521484375,3.67926025390625,114.9808913803622,1986.9467909860518,244,0
1716.5150756835938,1829.62890625,3.6621439456939697,114.98102504149898,1986.9475688486102,245,0
1716.5359497070312,1839.74365234375,3.680739402770996,114.98026683212595,1986.9472895868141,246,0
1716.5567626953125,1847.6820068359375,3.662065267562866,114.98139799484825,1986.9475392322424,247,0
1716.5775756835938,1856.189697265625,3.6647861003875732,114.98214636142036,1986.9476024151406,248,0
1716.5984497070312,1864.116455078125,3.6590235233306885,114.981157555032,1986.9479932655317,249,0
1716.6192626953125,1863.9129638671875,3.6566405296325684,114.98184024349712,1986.947369594297,250,0
1716.6400756835938,1867.50927734375,3.6613070964813232,114.98209009450254,1986.9474144296262,251,0
1716.6609497070312,1867.67919921875,3.684157371520996,114.98207514718274,1986.9477194175722,252,0
1716.6817626953125,1868.3038330078125,3.6642208099365234,114.98183355172395,1986.9481925359087,253,0
1716.7025756835938,1868.9559326171875,3.6559784412384033,114.98196208585658,1986.9473809112017,254,0
1716.7234497070312,1873.61767578125,3.6613986492156982,114.98184894742712,1986.9476851293232,255,0
1716.7442626953125,1880.161865234375,3.6680173873901367,114.98211158395578,1986.9492677174674,256,0
1716.7650756835938,1879.587158203125,3.662838935852051,114.98187115856793,1986.9480058324757,257,0
1716.7859497070312,1885.4169921875,3.660175323486328,114.98346712884718,1986.9487510825275,258,0
1716.8067626953125,1891.58642578125,3.682967185974121,114.98179288960495,1986.9492616777522,259,0
1716.8275756835938,1895.65185546875,3.66774845123291,114.98217049290433,1986.9493184041269,260,0
1716.8484497070312,1900.7288818359375,3.6873323917388916,114.98166141708718,1986.9491999625452,261,0
1716.8692626953125,1904.1656494140625,3.668231248855591,114.98253775500555,1986.9486908152326,262,0
1716.8900756835938,1907.55224609375,3.6668567657470703,114.98213515510793,1986.9491210874257,263,0
1716.9109497070312,1904.3277587890625,3.6760709285736084,114.98229873259106,1986.9484951782513,264,0
1716.9317626953125,1901.7552490234375,3.6632165908813477,114.98184264074506,1986.9484339964256,265,0
1716.9525756835938,1890.2196044921875,3.6625759601593018,114.98222612493291,1986.9479196501263,266,0
1716.9734497070312,1882.48681640625,3.663571357727051,114.9827641590882,1986.9484451148578,267,0
1716.9942626953125,1876.386962890625,3.667421340942383,114.98162770969807,1986.9476200531221,268,0
1717.0150756835938,1869.5946044921875,3.6620872020721436,114.98150032166299,1986.9472337456048,269,0
1717.0359497070312,1868.447998046875,3.660252094268799,114.98192355239266,1986.9482864797208,270,0
1717.0567626953125,1870.351806640625,3.6747405529022217,114.98205983883746,1986.9477971089398,271,0
1717.0775756835938,1874.877685546875,3.6600310802459717,114.98174701077505,1986.9473961045505,272,0
1717.0984497070312,1882.898681640625,3.6590359210968018,114.98108540123877,1986.9489899191597,273,0
1717.1192626953125,1888.8670654296875,3.672985076904297,114.98258028077372,1986.9489621241316,274,0
1717.1400756835938,1897.2359619140625,3.662950277328491,114.98137990917219,1986.9484806227347,275,0
1717.1609497070312,1902.8450927734375,3.665283679962158,114.98205715421379,1986.9486354805622,276,0
1717.1817626953125,1907.4825439453125,3.664930582046509,114.98209443311404,1986.9490148355665,277,0
1717.2025756835938,1908.43505859375,3.664454221725464,114.98295943430622,1986.9490863923909,278,0
1717.2234497070312,1904.3349609375,3.6669299602508545,114.98272172377065,1986.948636387849,279,0
1717.2442626953125,1901.381591796875,3.660278081893921,114.98356328258427,1986.947950911132,280,0
1717.2650756835938,1886.9066162109375,3.665804147720337,114.98254201396483,1986.9495711364532,281,0
1717.2859497070312,1877.430908203125,3.664144277572632,114.98131363088247,1986.948155358671,282,0
1717.3067626953125,1866.58642578125,3.6691436767578125,114.98158167548183,1986.9485151584493,283,0
1717.3275756835938,1857.375,3.6695542335510254,114.98058828180207,1986.947331042989,284,0
1717.3484497070312,1852.97265625,3.6567986011505127,114.98110931567678,1986.9470966435636,285,0
1717.3692626953125,1849.494873046875,3.667118549346924,114.98024046103171,1986.9471647598036,286,0
1717.3900756835938,1850.7071533203125,3.661217212677002,114.98207571232307,1986.9477511878674,287,0
1717.4109497070312,1853.2032470703125,3.678462266921997,114.98168899941712,1986.9477303817866,288,0
1717.4317626953125,1864.8365478515625,3.664726972579956,114.98249853322774,1986.9472225538811,289,0
1717.4525756835938,1875.1207275390625,3.677089214324951,114.98201684800374,1986.9481273552765,290,0
1717.4734497070312,1886.1953125,3.6919140815734863,114.98119542514124,1986.949454322602,291,0
1717.4942626953125,1900.2467041015625,3.674490451812744,114.98183273097314,1986.94906223949,292,0
1717.5150756835938,1916.3453369140625,3.6631340980529785,114.98228804886467,1986.9496475297542,293,0
1717.5359497070312,1930.9033203125,3.665335178375244,114.98204869654494,1986.9499382821805,294,0
1717.5567626953125,1944.959716796875,3.664886713027954,114.98344968433658,1986.9507112625847,295,0
1717.5775756835938,1957.25830078125,3.669140338897705,114.98359090543387,1986.95006405195,296,0
1717.5984497070312,1964.1773681640625,3.6686174869537354,114.9826342849504,1986.9497521478613,297,0
1717.6192626953125,1970.2005615234375,3.67228627204895,114.98155188764379,1986.9494794122734,298,0
1717.6400756835938,1969.771728515625,3.673957109451294,114.98276145750252,1986.9503441759207,299,0
1717.6609497070312,1973.7542724609375,3.6720588207244873,114.9834272476428,1986.9512920175312,300,0
1717.6817626953125,1969.968505859375,3.666062355041504,114.98298852514522,1986.9510686652147,301,0
1717.7025756835938,1975.006591796875,3.6757595539093018,114.98260785849583,1986.9503117309982,302,0
1717.7234497070312,1980.6494140625,3.685448169708252,114.9824765815865,1986.9512423053125,303,0
1717.7442626953125,1986.2315673828125,3.6801629066467285,114.9834648734461,1986.9513061767568,304,0
1717.7650756835938,1992.1531982421875,3.678992509841919,114.9837646254816,1986.9509696827502,305,0
1717.7859497070312,2002.143310546875,3.678359031677246,114.9827373411721,1986.952199922105,306,0
1717.8067626953125,2007.7928466796875,3.6754257678985596,114.9840021461178,1986.9509712415716,307,0
1717.8275756835938,2015.216064453125,3.6822500228881836,114.98246996271652,1986.951088762558,308,0
1717.8484497070312,2021.2908935546875,3.681344985961914,114.98372742801772,1986.9511480567432,309,0
1717.8692626953125,2029.433837890625,3.684833288192749,114.98360403761248,1986.9527170236706,310,0
1717.8900756835938,2032.239013671875,3.6843130588531494,114.98366487212776,1986.9513283105787,311,0
1717.9109497070312,2029.48974609375,3.6765050888061523,114.98335710694003,1986.9514305290402,312,0
1717.9317626953125,2023.81787109375,3.686810255050659,114.98344514418018,1986.9512683682894,313,0
1717.9525756835938,2015.4091796875,3.6751604080200195,114.98290039170861,1986.9513048332694,314,0
1717.9734497070312,2006.83349609375,3.693647623062134,114.98323251457727,1986.9517058871118,315,0
1717.9942626953125,1992.4388427734375,3.6708731651306152,114.98309468033415,1986.9502665150885,316,0
1718.0150756835938,1985.550537109375,3.6767690181732178,114.98328702915288,1986.9506729834627,317,0
1718.0359497070312,1982.9222412109375,3.67836856842041,114.9825482010421,1986.9502293417443,318,0
1718.0567626953125,1986.5087890625,3.679152727127075,114.98311734797966,1986.951682845341,319,0
1718.0775756835938,1993.37255859375,3.6822855472564697,114.98231760329088,1986.9504119577643,320,0
1718.0984497070312,2000.2906494140625,3.676301956176758,114.98296885230485,1986.9517113708634,321,0
1718.1192626953125,2012.457763671875,3.6771438121795654,114.98300041204523,1986.9522129886266,322,0
1718.1400756835938,2021.872314453125,3.699831485748291,114.9834193278005,1986.9522862324488,323,0
1718.1609497070312,2037.3984375,3.6780951023101807,114.98287658336832,1986.9520952144373,324,0
1718.1817626953125,2048.98583984375,3.6908161640167236,114.98330620343096,1986.952967678489,325,0
1718.2025756835938,2054.136962890625,3.6825692653656006,114.98451567197485,1986.9527568951162,326,0
1718.2234497070312,2051.7275390625,3.6842026710510254,114.98386233477267,1986.9517368533282,327,0
1718.2442626953125,2044.9415283203125,3.677813768386841,114.98318175189458,1986.9522033978183,328,0
1718.2650756835938,2033.107177734375,3.6949028968811035,114.98337949905657,1986.95240661573,329,0
1718.2859497070312,2021.3167724609375,3.6754260063171387,114.9828933506987,1986.9509640805363,330,0
1718.3067626953125,2009.28271484375,3.675654411315918,114.98341612877827,1986.9508953697207,331,0
1718.3275756835938,1999.2774658203125,3.6773040294647217,114.98370484460298,1986.950728438515,332,0
1718.3484497070312,1995.1796875,3.6882588863372803,114.98257768417925,1986.950445644997,333,0
1718.3692626953125,1992.5152587890625,3.6753268241882324,114.98360005568937,1986.9507778974476,334,0
1718.3900756835938,1992.404541015625,3.691668748855591,114.9828841946631,1986.951199028378,335,0
1718.4109497070312,2000.6575927734375,3.670938730239868,114.98215476271321,1986.9520301766015,336,0
1718.4317626953125,2014.7513427734375,3.67632794380188,114.98290564623971,1986.9510889470441,337,0
1718.4525756835938,2032.771728515625,3.6776914596557617,114.98291059414264,1986.9526781498907,338,0
1718.4734497070312,2056.553955078125,3.693817615509033,114.98354037207172,1986.9531532296885,339,0
1718.4942626953125,2078.833984375,3.688624143600464,114.9841137815529,1986.954111035779,340,0
1718.5150756835938,2098.951904296875,3.684861660003662,114.98332721368448,1986.9543118269476,341,0
1718.5359497070312,2125.00927734375,3.6894445419311523,114.98501826824516,1986.9539070328622,342,0
1718.5567626953125,2148.970703125,3.7155683040618896,114.98491429797423,1986.9545619090104,343,0
1718.5775756835938,2166.420654296875,3.692201852798462,114.98500321992314,1986.9546660444694,344,0
1718.5984497070312,2175.1337890625,3.7053720951080322,114.9840501656238,1986.9548970432515,345,0
1718.6192626953125,2185.29296875,3.6908175945281982,114.98417496559028,1986.9557028450022,346,0
1718.6400756835938,2186.340087890625,3.705913782119751,114.9839819710764,1986.9555212814296,347,0
1718.6609497070312,2185.78369140625,3.692176342010498,114.9844449453645,1986.9556899065337,348,0
1718.6817626953125,2186.74853515625,3.6929657459259033,114.9845492332634,1986.9559212486722,349,0
1718.7025756835938,2186.212646484375,3.697031259536743,114.9850535225697,1986.9549620063794,350,0
1718.7234497070312,2189.405029296875,3.6986777782440186,114.98417552771843,1986.9553978828483,351,0
1718.7442626953125,2201.16845703125,3.6911275386810303,114.98614989253532,1986.9557419732018,352,0
1718.7650756835938,2209.8076171875,3.7161002159118652,114.98484739385366,1986.9551316571124,353,0
1718.7859497070312,2226.0751953125,3.6959261894226074,114.98496970252481,1986.955410814143,354,0
1718.8067626953125,2236.64697265625,3.698716163635254,114.98486701841419,1986.9566457145957,355,0
1718.8275756835938,2258.560791015625,3.700861930847168,114.98632822275057,1986.9573486876916,356,0
1718.8484497070312,2270.077880859375,3.705821990966797,114.98583555714151,1986.958364293497,357,0
1718.8692626953125,2286.798828125,3.7152984142303467,114.98507062044504,1986.9570639621968,358,0
1718.8900756835938,2293.989990234375,3.7119033336639404,114.98529255842506,1986.957471580481,359,0
1718.9109497070312,2298.655517578125,3.702479600906372,114.9859178240656,1986.958836112429,360,0
1718.9317626953125,2294.6865234375,3.7248036861419678,114.98548648366705,1986.9574550916711,361,0
1718.9525756835938,2288.445556640625,3.7082717418670654,114.98563908756125,1986.9576268715982,362,0
1718.9734497070312,2277.74169921875,3.70693302154541,114.98651474522569,1986.9577736536712,363,0
1718.9942626953125,2268.3408203125,3.6998672485351562,114.985204171745,1986.956411759223,364,0
1719.0150756835938,2258.532470703125,3.702305793762207,114.98456975873502,1986.9566767690537,365,0
1719.0359497070312,2254.68212890625,3.702517032623291,114.98526292617208,1986.9568323222898,366,0
1719.0567626953125,2259.397705078125,3.7294399738311768,114.98506472747886,1986.957075424067,367,0
1719.0775756835938,2269.455322265625,3.7068707942962646,114.98461838735139,1986.9560857659394,368,0
1719.0984497070312,2286.3837890625,3.702124834060669,114.98560378036242,1986.957414362509,369,0
1719.1192626953125,2303.052490234375,3.7086970806121826,114.98595919292532,1986.9573806027963,370,0
1719.1400756835938,2324.88134765625,3.7146403789520264,114.98663225105784,1986.9571934403364,371,0
1719.1609497070312,2345.84716796875,3.7097108364105225,114.98603589340371,1986.9589612133518,372,0
1719.1817626953125,2365.79833984375,3.71296763420105,114.9863328740257,1986.9594074260783,373,0
1719.2025756835938,2376.120849609375,3.731787919998169,114.98496973981543,1986.9584290041573,374,0
1719.2234497070312,2376.544921875,3.7225799560546875,114.98602636591863,1986.959215449952,375,0
1719.2442626953125,2371.93359375,3.716494083404541,114.98497941163755,1986.9596225505484,376,0
1719.2650756835938,2358.420166015625,3.7149057388305664,114.9862602391655,1986.9581415411908,377,0
1719.2859497070312,2343.365478515625,3.7143478393554688,114.9857389363359,1986.9578831422864,378,0
1719.3067626953125,2332.8447265625,3.7106502056121826,114.98639338879067,1986.957898414728,379,0
1719.3275756835938,2321.744384765625,3.7064616680145264,114.98458509926272,1986.9583460898236,380,0
1719.3484497070312,2316.042724609375,3.7080576419830322,114.98519402971229,1986.9579440942514,381,0
1719.3692626953125,2315.637451171875,3.707904100418091,114.98602184815554,1986.9571690688658,382,0
1719.3900756835938,2324.4970703125,3.7083537578582764,114.98556023753459,1986.9576463467085,383,0
1719.4109497070312,2334.708984375,3.7031197547912598,114.98526646617452,1986.9580725748533,384,0
1719.4317626953125,2351.939208984375,3.7061855792999268,114.98553141352045,1986.958929297871,385,0
1719.4525756835938,2370.18359375,3.713599920272827,114.98559220296876,1986.9593336422279,386,0
1719.4734497070312,2392.286865234375,3.7175583839416504,114.9853066743227,1986.9591895919064,387,0
1719.4942626953125,2420.535888671875,3.7260358333587646,114.98701867287507,1986.9588808176698,388,0
1719.5150756835938,2447.65966796875,3.7275984287261963,114.98605792373415,1986.959562788374,389,0
1719.5359497070312,2478.825927734375,3.7256805896759033,114.9860425398869,1986.960000242779,390,0
1722.9317016601562,6140.4296875,4.087913513183594,114.99570599017144,1986.9832888589808,391,0
1722.9525756835938,6068.38671875,4.091479778289795,114.99643061634096,1986.9821487668708,392,0
1722.973388671875,5980.1591796875,4.060896873474121,114.99592057181928,1986.983260870133,393,0
1722.9942016601562,5884.91015625,4.057658672332764,114.99600490022814,1986.9820006806171,394,0
1723.0150756835938,5774.74853515625,4.05093240737915,114.99541759799978,1986.9820432564154,395,0
1723.035888671875,5648.2724609375,4.035885810852051,114.99614298680234,1986.981704643514,396,0
1723.0567016601562,5517.15576171875,4.0225419998168945,114.99570733733158,1986.9817389561235,397,0
1723.0775756835938,5392.75537109375,4.0042948722839355,114.99598376565493,1986.9806562067001,398,0
1723.098388671875,5264.6474609375,3.998847484588623,114.99514493974122,1986.979963859667,399,0
1723.1192016601562,5142.2734375,3.9856395721435547,114.99533599645478,1986.9803123661143,400,0
1723.1400756835938,5026.91015625,4.016228675842285,114.99449352760806,1986.979596203033,401,0
1723.160888671875,4919.25537109375,3.9590344429016113,114.99497424720597,1986.9790391041463,402,0
1723.1817016601562,4816.673828125,3.952834367752075,114.99472522714674,1986.9782073517206,403,0
1723.2025756835938,4724.4453125,3.946849822998047,114.99476065673632,1986.9780456669434,404,0
1723.223388671875,4623.89013671875,3.9511606693267822,114.99450035624047,1986.9778487146461,405,0
1723.2442016601562,4518.2451171875,3.92221736907959,114.99399155129063,1986.977400696676,406,0
1723.2650756835938,4406.41650390625,3.9091334342956543,114.99442377565298,1986.9770498408138,407,0
1723.285888671875,4285.4326171875,3.9130313396453857,114.99303744625176,1986.9752372468345,408,0
1723.3067016601562,4140.91748046875,3.8859686851501465,114.99359493946123,1986.9749222092096,409,0
1723.3275756835938,3972.394287109375,3.88021183013916,114.99330376966229,1986.9737576414668,410,0
1723.348388671875,3777.990966796875,3.8562963008880615,114.99273517541688,1986.9730114107258,411,0
1723.3692016601562,3590.115478515625,3.8357529640197754,114.99251512892148,1986.9707020102464,412,0
1723.3900756835938,3394.766357421875,3.8177082538604736,114.99120576588373,1986.9702096384578,413,0
1723.410888671875,3209.514892578125,3.794048309326172,114.99052753793822,1986.9685687233844,414,0
1723.4317016601562,3034.39794921875,3.7895352840423584,114.98964280329368,1986.9658792648806,415,0
1723.4525756835938,2881.85888671875,3.7726757526397705,114.98848240703607,1986.9641914174015,416,0
1723.473388671875,2750.236083984375,3.7509357929229736,114.98865002223265,1986.963091591835,417,0
1723.4942016601562,2639.191162109375,3.766632318496704,114.98749552156048,1986.961275616836,418,0
1723.5150756835938,2549.32080078125,3.73043155670166,114.98689801865885,1986.9592901247631,419,0
1723.535888671875,2474.324951171875,3.7249650955200195,114.98741804873981,1986.9597909586096,420,0
1723.5567016601562,2412.659912109375,3.715301036834717,114.9871173254485,1986.9576334171704,421,0
1723.5775756835938,2357.260498046875,3.7074685096740723,114.9862910432249,1986.957204486813,422,0
1723.598388671875,2298.267333984375,3.71764874458313,114.98561003969427,1986.9561820412223,423,0
1723.6192016601562,2231.97265625,3.7060608863830566,114.98440054784646,1986.9547668712864,424,0
1723.6400756835938,2150.917236328125,3.7034788131713867,114.98449366452834,1986.9532293309303,425,0
1723.660888671875,2057.83349609375,3.683110237121582,114.98330478517565,1986.9499863623735,426,0
1723.6817016601562,1955.6287841796875,3.669879198074341,114.98201557053955,1986.9476197653746,427,0
1723.7025756835938,1854.2823486328125,3.6763343811035156,114.98067938144133,1986.9452607805608,428,0
1723.723388671875,1760.1649169921875,3.6511268615722656,114.97989080030467,1986.9411629582382,429,0
1723.7442016601562,1676.3341064453125,3.6436829566955566,114.97928907523152,1986.9392367749597,430,0
1723.7650756835938,1620.699462890625,3.6450188159942627,114.97859998139607,1986.9381124607114,431,0
1723.785888671875,1589.888671875,3.6319236755371094,114.97724295528198,1986.9356426066124,432,0
1723.8067016601562,1580.223388671875,3.6380727291107178,114.97800109538755,1986.9357132938953,433,0
1723.8275756835938,1579.613037109375,3.6362292766571045,114.9778402693469,1986.936189171102,434,0
1723.848388671875,1582.233154296875,3.628196954727173,114.97824588011684,1986.9367873883996,435,0
1724.973388671875,1561.548828125,3.6285533905029297,114.97835093245826,1986.944638290747,436,0
1724.9942016601562,1559.439697265625,3.6328353881835938,114.98015091863518,1986.9450750610767,437,0
1725.0150756835938,1559.6983642578125,3.6304931640625,114.98066543964886,1986.9444148057976,438,0
1725.035888671875,1558.9786376953125,3.662689685821533,114.98000167839191,1986.9438600023036,439,0
1725.0567016601562,1557.9373779296875,3.628133773803711,114.97860201817447,1986.9451915370375,440,0
1725.0775756835938,1560.940673828125,3.6266233921051025,114.97847495422384,1986.9432961554758,441,0
1725.098388671875,1559.3974609375,3.628575563430786,114.97927397283544,1986.9430249940037,442,0
1725.1192016601562,1560.284423828125,3.6399104595184326,114.97994383637736,1986.943548938534,443,0
1725.1400756835938,1559.639892578125,3.6351046562194824,114.98045243167768,1986.9434766236166,444,0
1725.160888671875,1560.548095703125,3.6313443183898926,114.97998942624419,1986.9445844750592,445,0
1725.1817016601562,1561.97265625,3.625396251678467,114.9804738982219,1986.9445644936416,446,0
1725.2025756835938,1560.5467529296875,3.637861490249634,114.98082726304969,1986.945034550613,447,0
1725.223388671875,1559.4102783203125,3.645691394805908,114.98023341311871,1986.94444844215,448,0
1725.2442016601562,1560.3272705078125,3.6444268226623535,114.98012652515791,1986.9442226049332,449,0
1725.2650756835938,1561.585205078125,3.6331562995910645,114.9813452305592,1986.944135076036,450,0
1725.285888671875,1560.722412109375,3.6456804275512695,114.98048458527585,1986.9448201637676,451,0
1725.3067016601562,1560.501220703125,3.6293728351593018,114.98076314576161,1986.9442066750075,452,0
1725.3275756835938,1561.856201171875,3.6264235973358154,114.9796812276402,1986.9443913355394,453,0
1725.348388671875,1559.8887939453125,3.627232074737549,114.98066117759765,1986.9437221707778,454,0
1725.3692016601562,1561.0445556640625,3.6375515460968018,114.98017453093222,1986.9444380495988,455,0
1725.3900756835938,1560.5333251953125,3.627967596054077,114.98148015639059,1986.9431741389494,456,0
1725.410888671875,1561.0167236328125,3.6293785572052,114.98129218213322,1986.9452318173292,457,0
1725.4317016601562,1561.2987060546875,3.6328530311584473,114.98039676441864,1986.9437093588906,458,0
1725.4525756835938,1561.2020263671875,3.63862943649292,114.98040130719527,1986.9447583000003,459,0
1725.473388671875,1560.898681640625,3.6419851779937744,114.9807299582494,1986.9441701855073,460,0
1725.4942016601562,1559.382568359375,3.6495580673217773,114.98066095660232,1986.9441280384253,461,0
1725.5150756835938,1559.955322265625,3.6305370330810547,114.98021509287705,1986.9446822047062,462,0
1725.535888671875,1558.3125,3.6284990310668945,114.98110198026022,1986.945593722426,463,0
1725.5567016601562,1560.56982421875,3.6365251541137695,114.98002892322923,1986.9439588380583,464,0
1725.5775756835938,1561.4638671875,3.6393065452575684,114.98046090055655,1986.9440499586758,465,0
1725.598388671875,1560.94921875,3.6347103118896484,114.97929711840564,1986.9459923055665,466,0
1725.6192016601562,1559.85205078125,3.6366147994995117,114.9806805505862,1986.9442195124739,467,0
1725.6400756835938,1559.6553955078125,3.6312010288238525,114.97921849441995,1986.94351392226,468,0
1725.660888671875,1560.7723388671875,3.628880262374878,114.98068876469428,1986.9449590238332,469,0
1725.6817016601562,1557.15283203125,3.639646530151367,114.9808450536508,1986.9444164232034,470,0
1725.7025756835938,1561.5323486328125,3.6292665004730225,114.98012701889678,1986.9446638066402,471,0
1725.723388671875,1561.877685546875,3.6369898319244385,114.97947521403447,1986.9443257166017,472,0
1725.7442016601562,1559.6890869140625,3.6300973892211914,114.97976046439169,1986.9449313425018,473,0
1725.7650756835938,1560.96630859375,3.638066053390503,114.98072423392775,1986.9438692107628,474,0
1725.785888671875,1558.5037841796875,3.625772476196289,114.98114568486605,1986.9454285151014,475,0
1725.8067016601562,1559.98876953125,3.639270782470703,114.9808860283105,1986.9445810387601,476,0
1725.8275756835938,1560.72021484375,3.6384263038635254,114.98111810171274,1986.9453419989331,477,0
1725.848388671875,1561.357421875,3.6388022899627686,114.98084040360764,1986.9457669925039,478,0
1725.8692016601562,1563.73193359375,3.631375551223755,114.97971408011746,1986.9456869337862,479,0
1725.8900756835938,1563.9217529296875,3.6281440258026123,114.98071278423453,1986.9451228538376,480,0
1725.910888671875,1563.665771484375,3.6262526512145996,114.98030411880198,1986.9447286789934,481,0
1725.973388671875,1571.4014892578125,3.6320552825927734,114.980400689556,1986.9455745417065,482,0
1725.9942016601562,1574.7657470703125,3.630422592163086,114.980073252695,1986.9451241391696,483,0
1726.0150756835938,1576.08935546875,3.628878355026245,114.98082851534049,1986.9442418918463,484,0
1726.035888671875,1577.781494140625,3.6299710273742676,114.98105826097976,1986.9465369202424,485,0
1726.0567016601562,1579.34912109375,3.6265716552734375,114.98045604399681,1986.9459218688505,486,0
1726.0775756835938,1586.8519287109375,3.6355488300323486,114.980794084553,1986.944076848855,487,0
1726.098388671875,1588.5670166015625,3.631464958190918,114.97996831723202,1986.9462789374545,488,0
1726.1192016601562,1591.334228515625,3.647585153579712,114.98144752194081,1986.9451192006725,489,0
1726.1400756835938,1592.0517578125,3.6454544067382812,114.98105067608806,1986.9453175749159,490,0
1726.160888671875,1593.3076171875,3.6371028423309326,114.98108831870917,1986.9454862854088,491,0
1726.1817016601562,1596.712890625,3.6385080814361572,114.98114636874524,1986.945080958561,492,0
1726.2025756835938,1595.9700927734375,3.6438446044921875,114.98096418920733,1986.946391398945,493,0
1726.223388671875,1599.0634765625,3.6382298469543457,114.98101559460768,1986.9460782098408,494,0
1726.2442016601562,1599.8768310546875,3.6360678672790527,114.98075497297422,1986.9461281599665,495,0
1726.2650756835938,1602.205078125,3.634190797805786,114.98100700107823,1986.9460067527023,496,0
1726.285888671875,1607.127197265625,3.629859209060669,114.98172665842598,1986.9452686629368,497,0
1726.3067016601562,1610.06884765625,3.635741949081421,114.98088322282779,1986.946929784292,498,0
1726.3275756835938,1613.0841064453125,3.652818441390991,114.98133081864952,1986.9452989866725,499,0
1726.348388671875,1614.5665283203125,3.635676383972168,114.98167420757177,1986.9467531598805,500,0
1726.3692016601562,1622.248291015625,3.634742259979248,114.98110417670908,1986.9462092058232,501,0
1726.3900146484375,1622.5015869140625,3.65166974067688,114.98105330476176,1986.9461076273144,502,0
1726.4108276367188,1624.11279296875,3.652296543121338,114.98193064880977,1986.9462686941008,503,0
1726.4317016601562,1626.8238525390625,3.6447863578796387,114.98058630821582,1986.9464060619762,504,0
1726.4525146484375,1627.2587890625,3.6337673664093018,114.98117131392782,1986.9468225657486,505,0
1726.4733276367188,1629.417236328125,3.6403098106384277,114.98199537188049,1986.945675314983,506,0
1726.4942016601562,1629.8072509765625,3.6351356506347656,114.98098366191482,1986.947163546228,507,0
1726.5150146484375,1635.5703125,3.644127130508423,114.98203175938188,1986.9465629112372,508,0
1726.5358276367188,1640.8292236328125,3.638692855834961,114.98183387402743,1986.9465865037782,509,0
1726.5567016601562,1644.8050537109375,3.6411118507385254,114.98099309734877,1986.9482146047092,510,0
1726.5775146484375,1649.8232421875,3.637216329574585,114.98074765274335,1986.9470155216823,511,0
1726.5983276367188,1650.7822265625,3.641289472579956,114.98162654896679,1986.9474986260657,512,0
1726.6192016601562,1650.6407470703125,3.6391119956970215,114.98231126991183,1986.9468716150193,513,0
1726.6400146484375,1651.1640625,3.6408791542053223,114.9822728509036,1986.948583322934,514,0
1726.6608276367188,1650.4747314453125,3.6380679607391357,114.97966820514841,1986.9470841130951,515,0
1726.6817016601562,1648.511962890625,3.6556458473205566,114.98066063181388,1986.9459631747973,516,0
1726.7025146484375,1645.2421875,3.644040107727051,114.97968006556547,1986.9479018552995,517,0
1726.7233276367188,1645.0877685546875,3.6400678157806396,114.98143085894552,1986.946817266188,518,0
1726.7442016601562,1647.128173828125,3.641613245010376,114.98241018080564,1986.946218223242,519,0
1726.7650146484375,1649.0205078125,3.6383726596832275,114.9801522913697,1986.9470942352586,520,0
1726.7858276367188,1654.9876708984375,3.6407523155212402,114.98106514922672,1986.946785613947,521,0
1726.8067016601562,1659.0626220703125,3.6489064693450928,114.98131138372698,1986.9473316190422,522,0
1726.8275146484375,1663.7528076171875,3.652372121810913,114.98082787634407,1986.9471629219727,523,0
1726.8483276367188,1664.939208984375,3.639162063598633,114.98143886121616,1986.946762679756,524,0
1726.8692016601562,1663.839599609375,3.642061948776245,114.98149187237081,1986.9471175404658,525,0
1726.8900146484375,1661.539794921875,3.646122455596924,114.98236262147414,1986.9477936549056,526,0
1726.9108276367188,1656.435302734375,3.6404194831848145,114.98149133779107,1986.9465161916585,527,0
1726.9317016601562,1652.049560546875,3.6391143798828125,114.9811496247485,1986.9482846292078,528,0
1726.9525146484375,1651.741455078125,3.6422500610351562,114.98186812295498,1986.9475110830144,529,0
1726.9733276367188,1648.928466796875,3.649646759033203,114.98055855254012,1986.9481799777939,530,0
1726.9942016601562,1648.2408447265625,3.6433041095733643,114.98110227938182,1986.946931668907,531,0
1727.0150146484375,1651.7833251953125,3.639129161834717,114.98204711164965,1986.947920048459,532,0
1727.0358276367188,1654.5921630859375,3.6346359252929688,114.98140925479727,1986.9471861169409,533,0
1727.0567016601562,1659.7125244140625,3.66098952293396,114.98103937155261,1986.9471106983374,534,0
1727.0775146484375,1664.673828125,3.6487693786621094,114.98151946160037,1986.948288436877,535,0
1727.0983276367188,1669.8582763671875,3.6425693035125732,114.98219637056353,1986.9479931764945,536,0
1727.1192016601562,1671.287353515625,3.6387500762939453,114.98197760223256,1986.9479124744928,537,0
1727.1400146484375,1670.628173828125,3.645719289779663,114.98136148336675,1986.9477092875777,538,0
1727.1608276367188,1669.89111328125,3.6408207416534424,114.98172922300908,1986.948178413082,539,0
1727.1817016601562,1664.790771484375,3.644324541091919,114.98273270735534,1986.9486519928998,540,0
1727.2025146484375,1664.2825927734375,3.637240171432495,114.98163787279309,1986.9468288488545,541,0
1727.2233276367188,1661.745849609375,3.6452789306640625,114.98140182429735,1986.9474249545765,542,0
1727.2442016601562,1659.2469482421875,3.6424145698547363,114.9819062937487,1986.9474296068486,543,0
1727.2650146484375,1658.98828125,3.6405277252197266,114.98098448047863,1986.946840781073,544,0
1727.2858276367188,1654.593994140625,3.655545949935913,114.98106278358802,1986.9472722357864,545,0
1727.3067016601562,1656.277099609375,3.6406517028808594,114.98195756599502,1986.9462484933545,546,0
1727.3275146484375,1660.25830078125,3.6386144161224365,114.98091408682525,1986.948138335026,547,0
1727.3483276367188,1662.300537109375,3.642685890197754,114.98207235602897,1986.947054644347,548,0
1727.3692016601562,1665.7877197265625,3.6431398391723633,114.98170546740238,1986.946825146362,549,0
1727.3900146484375,1666.8541259765625,3.646937608718872,114.98137476639285,1986.9467671659831,550,0
1727.4108276367188,1668.55078125,3.646951198577881,114.98302806075866,1986.9479186511176,551,0
1727.4317016601562,1669.0540771484375,3.6374223232269287,114.98217452695263,1986.9478867618413,552,0
1727.4525146484375,1667.866943359375,3.6502130031585693,114.98173178712753,1986.9473682289301,553,0
1727.4733276367188,1671.2613525390625,3.6613941192626953,114.9810546427197,1986.9479647556825,554,0
1727.4942016601562,1675.185791015625,3.642087936401367,114.98196237707425,1986.948298982185,555,0
1727.5150146484375,1675.190185546875,3.6396872997283936,114.98196664171614,1986.948621155568,556,0
1727.5358276367188,1681.39306640625,3.6420092582702637,114.98134119373844,1986.948180987663,557,0
1727.5567016601562,1686.5921630859375,3.652123212814331,114.98075062155472,1986.947977275535,558,0
1727.5775146484375,1691.8553466796875,3.639885902404785,114.9833702046779,1986.9483131156933,559,0
1727.5983276367188,1695.526611328125,3.6438639163970947,114.98189904047257,1986.9485646038079,560,0
1727.6192016601562,1694.0242919921875,3.6506781578063965,114.98146715134276,1986.9486942284846,561,0
1727.6400146484375,1693.5672607421875,3.6470823287963867,114.9833789778403,1986.9484339094618,562,0
1727.6608276367188,1689.581787109375,3.643533945083618,114.98127399654679,1986.947623479397,563,0
1727.6817016601562,1690.442626953125,3.6480190753936768,114.98255241547112,1986.9486897341774,564,0
1727.7025146484375,1685.462890625,3.6655569076538086,114.98114962564763,1986.9480273205966,565,0
1727.7233276367188,1682.8726806640625,3.6566007137298584,114.98179385377713,1986.9484192693317,566,0
1727.7442016601562,1686.0301513671875,3.643463611602783,114.98229270916602,1986.9481709654656,567,0
1727.7650146484375,1685.2691650390625,3.65140962600708,114.98259963710707,1986.9472433899705,568,0
1727.7858276367188,1690.13818359375,3.644481658935547,114.98234717793623,1986.9486992972936,569,0
1727.8067016601562,1696.23095703125,3.6464030742645264,114.98279363196379,1986.949064668234,570,0
1727.8275146484375,1698.439453125,3.658046245574951,114.98140392655655,1986.9492787766314,571,0
1727.8483276367188,1700.0489501953125,3.6459767818450928,114.9831033971836,1986.9479396686288,572,0
1727.8692016601562,1701.985595703125,3.6538219451904297,114.9813689953557,1986.9490782017585,573,0
1727.8900146484375,1699.8131103515625,3.661717653274536,114.9817426738449,1986.948721905391,574,0
1727.9108276367188,1694.767578125,3.665914297103882,114.9824659672435,1986.9482745155844,575,0
1727.9317016601562,1690.020751953125,3.6389951705932617,114.98299789088203,1986.9486304818106,576,0
1727.9525146484375,1680.401611328125,3.6432108879089355,114.98143504578358,1986.9472203587138,577,0
1727.9733276367188,1678.0086669921875,3.6690640449523926,114.98162378429545,1986.9470658973319,578,0
1727.9942016601562,1675.407470703125,3.644444704055786,114.98100025114867,1986.946827829022,579,0
1728.0150146484375,1674.350830078125,3.6421010494232178,114.98150460890203,1986.9473258041064,580,0
1728.0358276367188,1678.7725830078125,3.641158103942871,114.98174255344753,1986.947336303459,581,0
1728.0567016601562,1686.630615234375,3.65761661529541,114.98094416661999,1986.9476397453896,582,0
1728.0775146484375,1692.86083984375,3.660261631011963,114.98179913081388,1986.9475904941305,583,0
1728.0983276367188,1696.1187744140625,3.652252435684204,114.98203009369463,1986.9487184504346,584,0
1728.1192016601562,1700.5760498046875,3.658421516418457,114.9827709281645,1986.9490595120176,585,0
1728.1400146484375,1701.66650390625,3.6502249240875244,114.98107007599398,1986.9489454200027,586,0
1728.1608276367188,1701.960205078125,3.646543502807617,114.98258842701911,1986.9486410681675,587,0
1728.1817016601562,1697.26123046875,3.6520087718963623,114.98183274388512,1986.9485361602633,588,0
1728.2025146484375,1695.010498046875,3.639681100845337,114.98178888757977,1986.9487994009014,589,0
1728.2233276367188,1686.3175048828125,3.639714241027832,114.98162072916692,1986.9483988545069,590,0
1728.2442016601562,1685.3780517578125,3.6453163623809814,114.98184335271993,1986.9484344535667,591,0
1728.2650146484375,1681.66357421875,3.6409494876861572,114.9811595014528,1986.947952764582,592,0
1728.2858276367188,1678.0242919921875,3.641923427581787,114.98148134508189,1986.9472572951051,593,0
1728.3067016601562,1680.875732421875,3.639822244644165,114.98091682453706,1986.9473243001644,594,0
1728.3275146484375,1678.9345703125,3.6463284492492676,114.98098533557776,1986.9468219020707,595,0
1728.3483276367188,1677.388671875,3.6389176845550537,114.98128013935933,1986.9466657783385,596,0
1728.3692016601562,1681.478759765625,3.6463470458984375,114.98232606085632,1986.9481477928261,597,0
1728.3900146484375,1680.5628662109375,3.658521890640259,114.98152645158544,1986.9478609930102,598,0
1728.4108276367188,1685.2532958984375,3.6371617317199707,114.98190204768429,1986.9474271300874,599,0
1728.4317016601562,1687.7684326171875,3.6534152030944824,114.98095204980052,1986.9474909011508,600,0
1728.4525146484375,1691.09130859375,3.6488380432128906,114.98262457934575,1986.9484705311036,601,0
1728.4733276367188,1693.612060546875,3.6558432579040527,114.98189238089472,1986.9479042469152,602,0
1728.4942016601562,1698.5869140625,3.6543009281158447,114.98052074715426,1986.9480003753552,603,0
1728.5149536132812,1704.2164306640625,3.6489577293395996,114.98214977056347,1986.9489127738595,604,0
1728.5358276367188,1710.1168212890625,3.6408092975616455,114.98172411038772,1986.9491684331747,605,0
1728.556640625,1715.121826171875,3.6430752277374268,114.98152790108495,1986.948368334776,606,0
1728.5774536132812,1720.58935546875,3.6488873958587646,114.9821946141019,1986.9496299787272,607,0
1728.5983276367188,1720.173583984375,3.6568362712860107,114.98172002351461,1986.9489215413341,608,0
1728.619140625,1722.528076171875,3.6448709964752197,114.98157076596544,1986.948829809474,609,0
1728.6399536132812,1720.7861328125,3.6503467559814453,114.98220620919253,1986.9483059663694,610,0
1728.6608276367188,1719.3515625,3.6654248237609863,114.9806201086012,1986.949341443208,611,0
1728.681640625,1714.5194091796875,3.65374493598938,114.98184280725647,1986.9486643544412,612,0
1728.7024536132812,1710.479736328125,3.6473989486694336,114.98087966779069,1986.9485962461417,613,0
1728.7233276367188,1708.27978515625,3.6538660526275635,114.98096491996557,1986.9483491068604,614,0
1728.744140625,1709.1173095703125,3.6441757678985596,114.98220529488813,1986.9481946100764,615,0
1728.7649536132812,1703.7890625,3.6661205291748047,114.9811558477056,1986.9476099306175,616,0
1728.7858276367188,1711.5908203125,3.6475977897644043,114.98221376939969,1986.9488272421945,617,0
1728.806640625,1712.84619140625,3.6589202880859375,114.98157791436437,1986.9492939116294,618,0
1728.8274536132812,1718.558837890625,3.653108596801758,114.98288603157141,1986.9482325058314,619,0
1728.8483276367188,1722.046142578125,3.6488239765167236,114.98302278365027,1986.9485337848537,620,0
1728.869140625,1725.9700927734375,3.645099401473999,114.98055757005709,1986.9481584621053,621,0
1728.8899536132812,1723.1484375,3.643622398376465,114.98259541881174,1986.9490690531873,622,0
1728.9108276367188,1720.46533203125,3.6700873374938965,114.9821088534369,1986.9485990792427,623,0
1728.931640625,1715.676025390625,3.659803628921509,114.98303574617616,1986.9496165211815,624,0
1728.9524536132812,1711.048095703125,3.6438300609588623,114.98137260997541,1986.947936067346,625,0
1728.9733276367188,1706.08056640625,3.644200563430786,114.98159539759413,1986.9478839742128,626,0
1728.994140625,1699.00390625,3.6449625492095947,114.98194822046466,1986.9480411945044,627,0
1729.0149536132812,1700.4105224609375,3.658595561981201,114.98216170296652,1986.9474617766289,628,0
1729.0358276367188,1704.6619873046875,3.6471245288848877,114.98204348591376,1986.948581854277,629,0
1729.056640625,1708.6922607421875,3.652401924133301,114.98175931964657,1986.9484037700158,630,0
1729.0774536132812,1714.82177734375,3.65147066116333,114.98216704620361,1986.949508740502,631,0
1729.0983276367188,1718.5672607421875,3.6416754722595215,114.9812241489738,1986.9480135601066,632,0
1729.119140625,1723.681396484375,3.6519501209259033,114.9819747024836,1986.9478279932337,633,0
1729.1399536132812,1725.3253173828125,3.6448659896850586,114.98186562026736,1986.9491541768652,634,0
1729.1608276367188,1728.2528076171875,3.6448237895965576,114.9815496399276,1986.9483744156155,635,0
1729.181640625,1725.1380615234375,3.655212879180908,114.98057564778237,1986.9483583334554,636,0
1729.2024536132812,1721.250732421875,3.6458308696746826,114.98204799465778,1986.9485483869137,637,0
1729.2233276367188,1714.8056640625,3.64194917678833,114.98127583343252,1986.9481398291307,638,0
1729.2649536132812,1702.5030517578125,3.661132335662842,114.98114912412467,1986.9478272240328,639,0
1729.2858276367188,1695.1397705078125,3.651179790496826,114.98105403524336,1986.9469105705255,640,0
1729.306640625,1692.9896240234375,3.664945363998413,114.98204822657715,1986.9477803634459,641,0
1729.3274536132812,1692.1162109375,3.6453042030334473,114.98146868887886,1986.9480812254326,642,0
1729.3483276367188,1691.86328125,3.6544110774993896,114.98125900629911,1986.9473716289422,643,0
1729.369140625,1693.530517578125,3.640653133392334,114.98098089062798,1986.9477915005996,644,0
1729.3899536132812,1695.3345947265625,3.641883134841919,114.98204815303026,1986.9477058046693,645,0
1729.4108276367188,1699.8251953125,3.648621082305908,114.98127876308226,1986.947656755836,646,0
1729.431640625,1704.6158447265625,3.649242877960205,114.98044558615656,1986.947825514764,647,0
1729.4524536132812,1711.246337890625,3.642198324203491,114.9820427765964,1986.9492705725922,648,0
1729.4733276367188,1716.977783203125,3.642561912536621,114.98113927059165,1986.9479410925983,649,0
1729.494140625,1721.4742431640625,3.644996404647827,114.98217949752512,1986.947904074912,650,0
1729.5149536132812,1728.3480224609375,3.649054765701294,114.98253827860569,1986.9480882309422,651,0
1729.5358276367188,1731.9591064453125,3.6443557739257812,114.98247342212115,1986.949308559664,652,0
1729.556640625,1737.7508544921875,3.6494107246398926,114.98078293552352,1986.9499570356966,653,0
1729.5774536132812,1743.25146484375,3.657562017440796,114.98095150656312,1986.9493742558145,654,0
1729.5983276367188,1744.69970703125,3.6685996055603027,114.98048221524735,1986.950143212422,655,0
1729.619140625,1745.95751953125,3.6503653526306152,114.98119818003138,1986.9494003709322,656,0
1729.6399536132812,1747.0404052734375,3.659297466278076,114.98228830950502,1986.9493573639293,657,0
1729.6608276367188,1748.2755126953125,3.643765926361084,114.98184443124164,1986.9490637153394,658,0
1729.681640625,1744.0784912109375,3.6496241092681885,114.98061260371048,1986.949083974926,659,0
1729.7024536132812,1743.7418212890625,3.650334119796753,114.98091790550093,1986.948556458843,660,0
1729.7233276367188,1742.4276123046875,3.662571668624878,114.98166280614213,1986.950033021654,661,0
1729.744140625,1738.227783203125,3.6547486782073975,114.98162576032887,1986.9500407473909,662,0
1729.7649536132812,1741.3424072265625,3.651212453842163,114.98160018694607,1986.9493075817256,663,0
1729.7858276367188,1742.5791015625,3.658252716064453,114.9817411942439,1986.9491534991994,664,0
1729.806640625,1748.9993896484375,3.6798670291900635,114.98165345028822,1986.9490815514423,665,0
1729.8274536132812,1748.846923828125,3.6540980339050293,114.98206877766977,1986.9501436632981,666,0
1729.8483276367188,1754.6453857421875,3.6596059799194336,114.9808172172014,1986.9492388543108,667,0
1729.869140625,1757.291015625,3.650603771209717,114.98171447980957,1986.9495956456665,668,0
1729.8899536132812,1754.5902099609375,3.645883560180664,114.98202803604636,1986.948383183743,669,0
1729.9108276367188,1748.75390625,3.645602226257324,114.9820936863386,1986.9505797131496,670,0
1729.931640625,1742.82421875,3.6543192863464355,114.98157760588619,1986.9486127495024,671,0
1729.9524536132812,1739.552490234375,3.65181827545166,114.98231857509543,1986.9491494159397,672,0
1729.9733276367188,1731.332275390625,3.662544012069702,114.98122985362694,1986.9494970289938,673,0
1729.994140625,1731.0972900390625,3.6476011276245117,114.98236470472175,1986.9497294348294,674,0
1730.0149536132812,1731.35693359375,3.652827501296997,114.98234460254457,1986.9488991206968,675,0
1730.0358276367188,1735.0238037109375,3.6444592475891113,114.98252720248584,1986.9486977615707,676,0
1730.056640625,1738.0687255859375,3.6529862880706787,114.9820493502752,1986.9499559163098,677,0
1730.0774536132812,1749.288818359375,3.6554815769195557,114.9824855406501,1986.9485781976548,678,0
1730.0983276367188,1755.3023681640625,3.649405002593994,114.98282416237853,1986.949419742581,679,0
1730.119140625,1760.547119140625,3.643949031829834,114.9829336507192,1986.9498256774427,680,0
1730.1399536132812,1764.0634765625,3.666105031967163,114.98239355664938,1986.949955446631,681,0
1730.1608276367188,1765.1787109375,3.669048309326172,114.98156991458848,1986.9503568691034,682,0
1730.181640625,1761.374267578125,3.6482443809509277,114.98228467172558,1986.949590596914,683,0
1730.2024536132812,1752.626220703125,3.6753458976745605,114.98227886979598,1986.94972949356,684,0
1730.2233276367188,1744.7158203125,3.64493989944458,114.98292847606528,1986.948788226825,685,0
1730.244140625,1732.58056640625,3.6516692638397217,114.98180240853078,1986.9501736911077,686,0
1730.2649536132812,1728.7647705078125,3.6671485900878906,114.98115807424932,1986.9490727095763,687,0
1730.2858276367188,1721.65771484375,3.6468114852905273,114.98120899160654,1986.9490174559091,688,0
1730.306640625,1719.74609375,3.6420397758483887,114.98105506680787,1986.9487783979598,689,0
1730.3274536132812,1718.6083984375,3.6550087928771973,114.98264813542878,1986.9486244427808,690,0
1730.3483276367188,1719.8372802734375,3.6680781841278076,114.98215524277363,1986.9491115510239,691,0
1730.369140625,1720.669921875,3.6596944332122803,114.98147833336455,1986.9479968061955,692,0
1730.3899536132812,1725.638916015625,3.653103828430176,114.98252790449133,1986.949128029742,693,0
1730.4108276367188,1730.5814208984375,3.6480748653411865,114.98189686506727,1986.9484646192266,694,0
1730.431640625,1737.51904296875,3.655930757522583,114.9822249130869,1986.9500616615178,695,0
1730.4524536132812,1744.517822265625,3.6613779067993164,114.98243939930404,1986.9494426859674,696,0
1730.4733276367188,1754.9241943359375,3.6647706031799316,114.98160948694935,1986.9501346448494,697,0
1730.494140625,1761.564697265625,3.6646647453308105,114.98135525882321,1986.949013600344,698,0
1730.5149536132812,1764.0518798828125,3.6470208168029785,114.98166640348047,1986.949261849243,699,0
1730.5357666015625,1770.199462890625,3.655568838119507,114.98201464726965,1986.9495826596662,700,0
1730.5565795898438,1778.8336181640625,3.655444622039795,114.98128956805095,1986.950352846395,701,0
1730.5774536132812,1789.6893310546875,3.657322645187378,114.98213609485214,1986.9503541847203,702,0
1730.5982666015625,1792.553955078125,3.6533806324005127,114.98291427986949,1986.9516121121294,703,0
1730.6190795898438,1795.7418212890625,3.6542046070098877,114.98210776368005,1986.9503954752852,704,0
1730.6399536132812,1796.7967529296875,3.654308319091797,114.98140538083214,1986.9500180425655,705,0
1730.6607666015625,1795.4283447265625,3.666599988937378,114.98271517714431,1986.950793969724,706,0
1730.6815795898438,1795.1556396484375,3.6625864505767822,114.98268224894541,1986.9491811288178,707,0
1730.7024536132812,1790.4561767578125,3.663644790649414,114.98196262163951,1986.949748215722,708,0
1730.7232666015625,1789.651123046875,3.660520076751709,114.98260979159286,1986.9505140809977,709,0
1730.7440795898438,1790.4453125,3.6557040214538574,114.98206813810941,1986.9506494298075,710,0
1730.7649536132812,1794.5562744140625,3.6551167964935303,114.98191368549293,1986.9506742226126,711,0
1730.7857666015625,1799.200927734375,3.6600654125213623,114.9822310509209,1986.950649563398,712,0
1730.8065795898438,1803.683837890625,3.6532227993011475,114.98215248801112,1986.9506555763087,713,0
1730.8274536132812,1811.2099609375,3.659433364868164,114.98244992799293,1986.9519125681586,714,0
1730.8482666015625,1815.9744873046875,3.6542739868164062,114.98303941602248,1986.9506946476458,715,0
1730.8690795898438,1819.23974609375,3.659249782562256,114.98223239560707,1986.9507372051744,716,0
1730.8899536132812,1818.3524169921875,3.6692159175872803,114.98352925692586,1986.9506440612722,717,0
1730.9107666015625,1817.0828857421875,3.6678717136383057,114.98221712503198,1986.9506149943606,718,0
1730.9315795898438,1810.808349609375,3.6521496772766113,114.98303809886679,1986.9518384261794,719,0
1730.9524536132812,1805.9136962890625,3.6534311771392822,114.98299677336388,1986.950830545331,720,0
1730.9732666015625,1798.9683837890625,3.662367343902588,114.98292856711973,1986.9515294477922,721,0
1730.9940795898438,1798.628173828125,3.655575752258301,114.98144587122266,1986.9494358917611,722,0
1731.0149536132812,1798.5230712890625,3.658079147338867,114.98239290681828,1986.9506107373936,723,0
1731.0357666015625,1803.8843994140625,3.651052236557007,114.98262135016658,1986.9510913051067,724,0
1731.0565795898438,1807.7108154296875,3.651920795440674,114.98321471497256,1986.9508464648002,725,0
1731.0774536132812,1811.7674560546875,3.668980836868286,114.98118283291893,1986.950872587985,726,0
1731.0982666015625,1819.8216552734375,3.6673059463500977,114.98314901536955,1986.951362916127,727,0
1731.1190795898438,1826.125,3.6559362411499023,114.98230892089744,1986.9502606216631,728,0
1731.1399536132812,1826.49853515625,3.6579031944274902,114.98285067791349,1986.951191167275,729,0
1731.1607666015625,1827.2476806640625,3.6734297275543213,114.98388144570983,1986.9515718447415,730,0
1731.1815795898438,1824.910400390625,3.663357973098755,114.9825791509322,1986.9508752653737,731,0
1731.2024536132812,1818.971435546875,3.6581177711486816,114.98303872139171,1986.9505066484066,732,0
1731.2232666015625,1808.4290771484375,3.6733250617980957,114.98169934107797,1986.951200681339,733,0
1731.2440795898438,1795.9002685546875,3.6616110801696777,114.983100887268,1986.9505923389827,734,0
1731.2649536132812,1788.00634765625,3.658849000930786,114.98164285439248,1986.9509582212424,735,0
1731.2857666015625,1784.12255859375,3.6582469940185547,114.98204792511144,1986.9507739437743,736,0
1731.3065795898438,1783.766357421875,3.652409553527832,114.98207095253457,1986.9489268740692,737,0
1731.3274536132812,1780.6485595703125,3.6553430557250977,114.98201175280332,1986.950281338141,738,0
1731.3482666015625,1784.666259765625,3.6504108905792236,114.98229608427806,1986.9511260988895,739,0
1731.3690795898438,1789.3367919921875,3.672516345977783,114.98271938656785,1986.95040952032,740,0
1731.3899536132812,1794.1729736328125,3.651674509048462,114.98199318404407,1986.9509100981672,741,0
1731.4107666015625,1803.590087890625,3.6520965099334717,114.98210534206068,1986.9498987479535,742,0
1731.4315795898438,1809.8466796875,3.6520252227783203,114.9818954812217,1986.9501041867325,743,0
1731.4524536132812,1821.167724609375,3.6623375415802,114.98312549274395,1986.9508659708965,744,0
1731.4732666015625,1827.143310546875,3.655277967453003,114.98221814057736,1986.9505212234026,745,0
1731.4940795898438,1834.3856201171875,3.6572511196136475,114.98181855780089,1986.951506349749,746,0
1731.5149536132812,1840.890380859375,3.6592774391174316,114.98134852161463,1986.9512907383366,747,0
1731.5357666015625,1848.5374755859375,3.6630289554595947,114.98364664903809,1986.9524539333413,748,0
1731.5565795898438,1856.7574462890625,3.6614787578582764,114.98426817144171,1986.9509894016373,749,0
1731.5774536132812,1862.7930908203125,3.667433500289917,114.98300937201773,1986.9513600867392,750,0
1731.5982666015625,1869.872314453125,3.6758410930633545,114.98292300055738,1986.9519364529715,751,0
1731.6190795898438,1875.7030029296875,3.6652286052703857,114.98320314831177,1986.950811232299,752,0
1731.6399536132812,1875.8455810546875,3.658360242843628,114.98245471427046,1986.951499224601,753,0
1731.6607666015625,1872.2305908203125,3.6766204833984375,114.9832087765308,1986.9518107001534,754,0
1731.6815795898438,1871.835205078125,3.6588199138641357,114.98250876609829,1986.9531275902282,755,0
1731.7024536132812,1872.4024658203125,3.669311761856079,114.98292201155493,1986.9514209822319,756,0
1731.7232666015625,1876.6446533203125,3.683004856109619,114.98282024497652,1986.9526238394537,757,0
1731.7440795898438,1881.4737548828125,3.6638970375061035,114.9833723592884,1986.9517826244842,758,0
1731.7649536132812,1886.430419921875,3.675321102142334,114.98416900279403,1986.952451487475,759,0
1731.7857666015625,1899.142578125,3.6671693325042725,114.98336050731159,1986.9529349101697,760,0
1731.8065795898438,1913.6419677734375,3.668962001800537,114.98416279916091,1986.9527455649536,761,0
1731.8274536132812,1925.9100341796875,3.667973279953003,114.98336504341273,1986.9533468857148,762,0
1731.8482666015625,1937.2177734375,3.6654765605926514,114.98334722302039,1986.9538716199083,763,0
1731.8690795898438,1949.470458984375,3.6774516105651855,114.98341312795154,1986.9535289139767,764,0
1731.8899536132812,1954.248291015625,3.6714048385620117,114.98346746140126,1986.953781604792,765,0
1731.9107666015625,1960.5185546875,3.672487735748291,114.98298869317698,1986.9544836614746,766,0
1731.9315795898438,1959.1453857421875,3.6738264560699463,114.9833235525445,1986.9537122571992,767,0
1731.9524536132812,1953.3328857421875,3.6730563640594482,114.98391005632338,1986.9543074259034,768,0
1731.9732666015625,1946.20751953125,3.6649320125579834,114.98335024949616,1986.9540754796426,769,0
1731.9940795898438,1935.465576171875,3.6690514087677,114.98373176812295,1986.9543650341898,770,0
1732.0149536132812,1935.029296875,3.6762044429779053,114.98353167093117,1986.9538075740486,771,0
1732.0357666015625,1937.8651123046875,3.679128408432007,114.98356265997253,1986.9532058002426,772,0
1732.0565795898438,1938.472900390625,3.6777219772338867,114.98293163494641,1986.9531272729105,773,0
1732.0774536132812,1944.3218994140625,3.6701509952545166,114.98346391407271,1986.954158563739,774,0
1732.0982666015625,1952.5128173828125,3.6665780544281006,114.98390132907284,1986.9530545980506,775,0
1732.1190795898438,1961.1473388671875,3.6712002754211426,114.98426085847761,1986.9542758715002,776,0
1732.1399536132812,1966.383544921875,3.6857082843780518,114.98358336415535,1986.9557021091325,777,0
1732.1607666015625,1971.9537353515625,3.6715357303619385,114.98454488278468,1986.9554038582428,778,0
1732.1815795898438,1970.6796875,3.683797597885132,114.9848211927446,1986.9541134517333,779,0
1732.2024536132812,1962.787109375,3.670961380004883,114.98294640320584,1986.953864015963,780,0
1732.2232666015625,1951.6455078125,3.678035259246826,114.98516025107769,1986.9535817209662,781,0
1732.2440795898438,1938.1943359375,3.674313545227051,114.98390333970538,1986.9543852747956,782,0
1732.2649536132812,1930.423583984375,3.6656651496887207,114.98357435612554,1986.9531580185444,783,0
1732.2857666015625,1921.2979736328125,3.667012929916382,114.98375187024203,1986.953496438495,784,0
1732.3065795898438,1919.5740966796875,3.670215129852295,114.98397744320548,1986.9532374999133,785,0
1732.3274536132812,1921.6314697265625,3.664505958557129,114.98418807674118,1986.952520223758,786,0
1732.3482666015625,1931.2939453125,3.6739048957824707,114.98312996645,1986.9530036356373,787,0
1732.3690795898438,1936.1253662109375,3.667689561843872,114.98360367225007,1986.9535836649857,788,0
1732.389892578125,1944.00048828125,3.6698105335235596,114.98332967509714,1986.953824207931,789,0
1732.4107055664062,1956.5341796875,3.6731760501861572,114.9832336952724,1986.9545175536725,790,0
1732.4315795898438,1967.97314453125,3.6689250469207764,114.98467574103522,1986.953333845895,791,0
1732.452392578125,1980.744140625,3.7139532566070557,114.98414431677892,1986.9555464304274,792,0
1732.4732055664062,1991.0367431640625,3.6818790435791016,114.98468598405464,1986.954744232468,793,0
1732.4940795898438,2001.92822265625,3.675240993499756,114.98399268198214,1986.9544378859957,794,0
1732.514892578125,2015.616943359375,3.67319917678833,114.98356381965917,1986.9551653746314,795,0
1732.5357055664062,2032.6488037109375,3.676262140274048,114.98377836590775,1986.9555331307604,796,0
1732.5565795898438,2045.29052734375,3.6764121055603027,114.98466559574385,1986.955440384434,797,0
1732.577392578125,2057.866943359375,3.685300588607788,114.98526577457434,1986.956598676976,798,0
1732.5982055664062,2068.2109375,3.6782302856445312,114.98576317947511,1986.956479680376,799,0
1732.6190795898438,2076.0048828125,3.682642698287964,114.9850608868352,1986.9570841613436,800,0
1732.639892578125,2081.5615234375,3.7015819549560547,114.98513643615188,1986.9568626587425,801,0
1732.6607055664062,2081.716796875,3.735395669937134,114.985921229074,1986.9562470636395,802,0
1732.6815795898438,2083.556640625,3.6863646507263184,114.98492638865193,1986.9568375708088,803,0
1732.702392578125,2087.021728515625,3.695275068283081,114.98541280070835,1986.9561203615958,804,0
1732.7232055664062,2093.451416015625,3.682803153991699,114.9862026295261,1986.9568273539358,805,0
1732.7440795898438,2105.544921875,3.6857190132141113,114.98466674790986,1986.9575553171662,806,0
1732.764892578125,2124.730712890625,3.6864981651306152,114.98460540639513,1986.96009486841,807,0
1732.7857055664062,2143.009521484375,3.6946725845336914,114.98495437393132,1986.9570586331922,808,0
1732.8065795898438,2166.547119140625,3.692937135696411,114.98557737382295,1986.9585316263694,809,0
1732.827392578125,2190.391845703125,3.6962389945983887,114.98594707944687,1986.9593322569103,810,0
1732.8482055664062,2212.28759765625,3.7063236236572266,114.98525365611547,1986.9590990359795,811,0
1732.8690795898438,2234.5263671875,3.701967716217041,114.98557788644126,1986.9595847213693,812,0
1732.889892578125,2246.54833984375,3.6999566555023193,114.9870978626391,1986.9605459471138,813,0
1732.9107055664062,2252.5654296875,3.7002058029174805,114.98591692274043,1986.9601666944309,814,0
1732.9315795898438,2255.763671875,3.7111759185791016,114.98586285397606,1986.960451663642,815,0
1732.952392578125,2249.72021484375,3.698324680328369,114.9863356828551,1986.9602349505483,816,0
1732.9732055664062,2241.453125,3.70072340965271,114.98655866245173,1986.9599403446816,817,0
1732.9940795898438,2229.209228515625,3.706780433654785,114.9860395800343,1986.9593383156052,818,0
1733.014892578125,2224.50732421875,3.701371669769287,114.98684160994216,1986.960745455619,819,0
1733.0357055664062,2224.13427734375,3.706505060195923,114.98609049820122,1986.9598004166605,820,0
1733.0565795898438,2229.9443359375,3.697930097579956,114.98645777405852,1986.9593229463867,821,0
1733.077392578125,2239.430908203125,3.7007291316986084,114.98632874568462,1986.9602408146275,822,0
1733.0982055664062,2254.043701171875,3.710979700088501,114.9859653340573,1986.95931225977,823,0
1733.1190795898438,2270.588134765625,3.7042765617370605,114.98686989325861,1986.9607209527212,824,0
1733.139892578125,2290.383056640625,3.702087640762329,114.98684749140561,1986.9607104593777,825,0
1733.1607055664062,2306.188720703125,3.728854179382324,114.98720342940811,1986.9607083201313,826,0
1733.1815795898438,2317.75830078125,3.7143006324768066,114.98582516075672,1986.961912414792,827,0
1733.202392578125,2314.841796875,3.7088282108306885,114.9862417421568,1986.9615774044064,828,0
1733.2232055664062,2308.6103515625,3.7251641750335693,114.9861086487005,1986.9613318863082,829,0
1733.2440795898438,2298.5458984375,3.7093758583068848,114.9873939228308,1986.9614980742112,830,0
1733.264892578125,2284.59912109375,3.699414014816284,114.9865357464822,1986.9614785891176,831,0
1736.5773315429688,5968.5224609375,4.066497325897217,114.99619034069852,1986.983489420899,832,0
1736.59814453125,6030.71923828125,4.075332164764404,114.99649605863145,1986.983972166673,833,0
1736.6189575195312,6081.44775390625,4.06545352935791,114.99664683630134,1986.9843295619642,834,0
1736.6398315429688,6121.5771484375,4.110129356384277,114.9968647278972,1986.9839424674503,835,0
1736.66064453125,6150.46533203125,4.077044486999512,114.99659220358787,1986.9840125393841,836,0
1736.6814575195312,6141.41064453125,4.080377578735352,114.9964669755595,1986.9843379214603,837,0
1736.7023315429688,6101.53125,4.072181224822998,114.99701212858325,1986.984278398593,838,0
1736.72314453125,6053.65673828125,4.064255237579346,114.99640454919381,1986.9846776334261,839,0
1736.7439575195312,6001.31591796875,4.069183826446533,114.99623668555765,1986.9834660794202,840,0
1736.7648315429688,5940.17626953125,4.056317329406738,114.99697898299294,1986.983266917272,841,0
1736.78564453125,5861.1953125,4.051413536071777,114.99627003377617,1986.9839755407654,842,0
1736.8064575195312,5780.86279296875,4.040717124938965,114.99650876110199,1986.9830368811863,843,0
1736.8273315429688,5697.4736328125,4.033031940460205,114.99602717410214,1986.9835047803363,844,0
1736.84814453125,5619.35400390625,4.02867317199707,114.99588951566577,1986.9824731629499,845,0
1736.8689575195312,5555.05615234375,4.029345989227295,114.99618206158083,1986.9827806127494,846,0
1736.8898315429688,5474.134765625,4.016560077667236,114.99629219996596,1986.98223702144,847,0
1736.91064453125,5386.74169921875,4.002701759338379,114.99603243396261,1986.9817136951103,848,0
1736.9314575195312,5280.04638671875,4.006560325622559,114.99590931642612,1986.9819184128964,849,0
1736.9523315429688,5149.95458984375,3.997237205505371,114.99597991657807,1986.9809955469304,850,0
1736.97314453125,5000.22509765625,3.9770519733428955,114.9951670510732,1986.981092794553,851,0
1736.9939575195312,4840.97021484375,3.9605305194854736,114.99480133861096,1986.9804419259965,852,0
1737.0148315429688,4664.33251953125,3.943810224533081,114.9948884803361,1986.9791710001505,853,0
1737.03564453125,4468.79443359375,3.9170796871185303,114.99414149591607,1986.9782364352584,854,0
1737.0564575195312,4255.6083984375,3.921250581741333,114.99465385521817,1986.9778056553587,855,0
1737.0773315429688,4040.4892578125,3.8809776306152344,114.99380605188786,1986.9766766683722,856,0
1737.09814453125,3829.91650390625,3.8555781841278076,114.99230489264654,1986.9746768938746,857,0
1737.1189575195312,3627.6943359375,3.8425214290618896,114.99263970590017,1986.973965858216,858,0
1737.1398315429688,3438.97216796875,3.8202130794525146,114.992343318167,1986.9722367391664,859,0
1737.16064453125,3250.30322265625,3.797044515609741,114.99163910450963,1986.9703973213286,860,0
1737.1814575195312,3075.7998046875,3.803757905960083,114.99150708784141,1986.9691854395721,861,0
1737.2023315429688,2899.749267578125,3.772325038909912,114.98969393316182,1986.9669219468817,862,0
1737.22314453125,2716.32958984375,3.7442455291748047,114.98898890634136,1986.9648265796257,863,0
1737.2439575195312,2537.4814453125,3.7250211238861084,114.98740563114109,1986.962506581021,864,0
1737.2648315429688,2355.4296875,3.71403169631958,114.98697039959204,1986.9603796031029,865,0
1737.28564453125,2170.742919921875,3.688138246536255,114.98488744779625,1986.9570581163991,866,0
1737.3064575195312,1995.7208251953125,3.683096408843994,114.98344982657902,1986.9528262068286,867,0
1737.3273315429688,1843.1590576171875,3.664855480194092,114.98241091606492,1986.9487975456116,868,0
1737.34814453125,1722.080078125,3.6515886783599854,114.98102977682444,1986.9442533748534,869,0
1737.3689575195312,1637.70068359375,3.640043258666992,114.97904116705342,1986.9430431765131,870,0
1737.3898315429688,1588.689453125,3.637558937072754,114.97949824442563,1986.940765442877,871,0
