oid,filter,mjd,mag,magerr,clrcoeff,ref,ref_err
641116100063310,zg,58254.44218,21.285624,0.18231046,-0.062449634,21.915,0.177
641216100035134,zr,58254.46401,21.246908,0.19594646,0.09549848,21.151,0.081
641216100035134,zr,58257.42128,20.947199,0.17530143,0.09990953,21.151,0.081
641216100035134,zr,58257.45576,21.316704,0.20075417,0.09540969,21.151,0.081
1685207200024460,zr,58257.48402,21.103886,0.19380355,0.10667995,21.254,0.091
1685207200024460,zr,58257.48447,20.853281,0.17597759,0.10806669,21.254,0.091
641216100035134,zr,58269.41503,20.631088,0.15352666,0.08754997,21.151,0.081
1685207200024460,zr,58285.3703,21.090275,0.19283533,0.09599988,21.254,0.091
1685207200024460,zr,58285.37076,21.132105,0.1958108,0.1009669,21.254,0.091
641216100035134,zr,58285.37167,21.248156,0.1960324,0.08455369,21.151,0.081
641216100035134,zr,58290.38189,21.160557,0.18999827,0.090973936,21.151,0.081
641216100035134,zr,58316.35741,21.084122,0.18473315,0.09350605,21.151,0.081
641216100035134,zr,58322.39454,21.065344,0.18343973,0.0821835,21.151,0.081
641216100035134,zr,58334.3563,21.156979,0.18975174,0.08778991,21.151,0.081
1685207200024460,zr,58338.35662,21.141817,0.19650161,0.10012055,21.254,0.091
641216100035134,zr,58343.32194,21.520164,0.21476924,0.10024204,21.151,0.081
1685207200024460,zr,58358.29244,21.187855,0.19977629,0.09788416,21.254,0.091
641216100035134,zr,58370.27957,20.865456,0.1696707,0.08926833,21.151,0.081
641116100063310,zg,58373.25998,21.49767,0.19590473,-0.054397285,21.915,0.177
641216100035134,zr,58373.28017,21.106335,0.1862632,0.097542286,21.151,0.081
641216100035134,zr,58379.23361,20.884212,0.17096269,0.0909894,21.151,0.081
641216100035134,zr,58439.1994,20.209091,0.1217388,0.09794571,21.151,0.081
1685207200024460,zr,58443.07698,20.84214,0.1751852,0.09809157,21.254,0.091
641116100063310,zg,58600.38138,22.131126,0.23651564,-0.042646922,21.915,0.177
641216100035134,zr,58616.42207,21.400414,0.20652044,0.09460095,21.151,0.081
641216100035134,zr,58633.42647,21.103706,0.18608224,0.0904833,21.151,0.081
641216100035134,zr,58639.40864,20.956936,0.17597222,0.08704265,21.151,0.081
641116100063310,zg,58642.4317,21.735476,0.21115041,-0.06835552,21.915,0.177
641216100035134,zr,58642.44557,21.077835,0.18430007,0.09208443,21.151,0.081
641216100035134,zr,58645.4728,20.985878,0.17796576,0.09255062,21.151,0.081
641216100035134,zr,58662.32744,21.176975,0.19112921,0.09353547,21.151,0.081
641116100063310,zg,58662.42944,21.617393,0.20358026,-0.063252956,21.915,0.177
641216100035134,zr,58665.42739,20.996563,0.17870188,0.09178888,21.151,0.081
641216100035134,zr,58668.34495,21.177753,0.19118285,0.08750738,21.151,0.081
641216100035134,zr,58675.42439,21.324585,0.20129704,0.092430934,21.151,0.081
641216100035134,zr,58675.43157,21.272789,0.19772923,0.095578685,21.151,0.081
641216100035134,zr,58675.43202,21.511532,0.21417463,0.08570659,21.151,0.081
641216100035134,zr,58676.41506,21.367573,0.2042582,0.098142266,21.151,0.081
641216100035134,zr,58677.31321,21.055365,0.18275225,0.0956869,21.151,0.081
641216100035134,zr,58677.36259,21.15524,0.18963194,0.09236389,21.151,0.081
641216100035134,zr,58677.38685,20.83424,0.16752052,0.09536529,21.151,0.081
641216100035134,zr,58677.39935,20.910894,0.17280066,0.09580456,21.151,0.081
641216100035134,zr,58678.38372,20.894901,0.17169905,0.08972906,21.151,0.081
641216100035134,zr,58678.39585,20.929588,0.17408836,0.08969205,21.151,0.081
641216100035134,zr,58678.46685,21.328503,0.20156693,0.08584117,21.151,0.081
641216100035134,zr,58680.36036,20.417942,0.13799575,0.083981745,21.151,0.081
641216100035134,zr,58681.31846,20.331373,0.13118309,0.0888224,21.151,0.081
641216100035134,zr,58683.31861,21.077736,0.18429327,0.087770194,21.151,0.081
641216100035134,zr,58685.36305,20.8877,0.1712029,0.08998277,21.151,0.081
1685207200024460,zr,58685.41623,20.886057,0.17830908,0.09486788,21.254,0.091
1685207200024460,zr,58685.41668,21.110622,0.19428265,0.08973214,21.254,0.091
641216100035134,zr,58688.38057,21.164402,0.19026315,0.09286041,21.151,0.081
641116100063310,zg,58690.30442,21.600183,0.20247686,-0.09050095,21.915,0.177
641216100035134,zr,58690.34039,21.345526,0.2027396,0.09402627,21.151,0.081
641216100035134,zr,58691.36141,21.016783,0.1800946,0.08880175,21.151,0.081
641216100035134,zr,58693.34854,21.098139,0.18569875,0.089085564,21.151,0.081
641116100063310,zg,58694.3352,22.111458,0.23525465,-0.079058774,21.915,0.177
641216100035134,zr,58697.34705,21.151934,0.18940425,0.09084041,21.151,0.081
641116100063310,zg,58699.33364,21.454786,0.19315553,-0.049221143,21.915,0.177
641116100063310,zg,58699.35959,21.418036,0.19079936,-0.0481917,21.915,0.177
641216100035134,zr,58700.30349,21.131508,0.18799722,0.091219805,21.151,0.081
641216100035134,zr,58700.34335,21.472387,0.21147823,0.09596291,21.151,0.081
641216100035134,zr,58700.35159,21.184975,0.1916802,0.08309178,21.151,0.081
641216100035134,zr,58701.30706,21.456121,0.21035779,0.09188343,21.151,0.081
641116100063310,zg,58701.33352,21.61902,0.20368457,-0.064728506,21.915,0.177
641216100035134,zr,58701.34298,21.000513,0.17897391,0.092190124,21.151,0.081
641216100035134,zr,58702.30624,20.980234,0.17757702,0.09087992,21.151,0.081
641216100035134,zr,58702.34324,21.224785,0.19442248,0.092057645,21.151,0.081
641216100035134,zr,58702.35146,20.998207,0.17881513,0.08263242,21.151,0.081
641116100063310,zg,58702.36898,21.582918,0.20137,-0.048671026,21.915,0.177
641216100035134,zr,58703.3434,21.364588,0.20405257,0.08279579,21.151,0.081
641216100035134,zr,58703.35161,21.274794,0.19786727,0.09286532,21.151,0.081
641216100035134,zr,58704.24826,21.217632,0.19392979,0.08881248,21.151,0.081
641216100035134,zr,58704.26293,20.956118,0.17591584,0.09140106,21.151,0.081
641216100035134,zr,58705.30288,20.991951,0.17838418,0.09229436,21.151,0.081
641116100063310,zg,58705.38289,21.29832,0.18312442,-0.076239765,21.915,0.177
641216100035134,zr,58706.28623,20.883774,0.17093253,0.088002145,21.151,0.081
641216100035134,zr,58706.36257,21.217476,0.19391906,0.08409456,21.151,0.081
641216100035134,zr,58706.37072,21.18609,0.19175708,0.08668967,21.151,0.081
641216100035134,zr,58707.21837,20.836151,0.16765213,0.09694643,21.151,0.081
641216100035134,zr,58707.36029,20.778503,0.16368115,0.09237078,21.151,0.081
641216100035134,zr,58708.27454,20.80588,0.16556692,0.08923928,21.151,0.081
641216100035134,zr,58714.27351,20.78077,0.1638372,0.09064107,21.151,0.081
641216100035134,zr,58714.30664,21.093277,0.18536377,0.08820716,21.151,0.081
641216100035134,zr,58714.32811,20.850574,0.16864562,0.09195719,21.151,0.081
641216100035134,zr,58715.34193,21.042837,0.1818893,0.09103732,21.151,0.081
641216100035134,zr,58716.34329,20.906448,0.17249441,0.08862501,21.151,0.081
641216100035134,zr,58730.25668,20.905216,0.17240953,0.095941626,21.151,0.081
641216100035134,zr,58735.19538,20.833145,0.16744506,0.0874626,21.151,0.081
641216100035134,zr,58735.25508,21.051533,0.18248832,0.092492126,21.151,0.081
641216100035134,zr,58737.28059,20.553993,0.14821613,0.083803624,21.151,0.081
641216100035134,zr,58745.29293,20.779678,0.1637621,0.08628161,21.151,0.081
641216100035134,zr,58749.27198,21.053549,0.1826272,0.092984684,21.151,0.081
641116100063310,zg,58972.47812,21.342999,0.18598878,-0.057180285,21.915,0.177
1685207200024460,zr,58977.49392,20.406023,0.14348051,0.09941349,21.254,0.091
641216100035134,zr,58985.47358,20.879187,0.17061651,0.09123854,21.151,0.081
641216100035134,zr,58987.47866,20.988771,0.17816508,0.09123362,21.151,0.081
641216100035134,zr,58991.47909,21.18478,0.19166684,0.09502964,21.151,0.081
641216100035134,zr,59001.451,21.116453,0.18696022,0.09887583,21.151,0.081
641216100035134,zr,59005.40916,20.462688,0.14153226,0.08290053,21.151,0.081
641216100035134,zr,59005.42977,20.6837,0.15715086,0.09008248,21.151,0.081
641216100035134,zr,59019.393,21.267475,0.19736314,0.0869187,21.151,0.081
641216100035134,zr,59020.47919,21.504322,0.213678,0.08950193,21.151,0.081
641216100035134,zr,59022.40145,21.423447,0.208107,0.09321095,21.151,0.081
641216100035134,zr,59022.40192,21.377007,0.20490801,0.09614701,21.151,0.081
641216100035134,zr,59022.40238,21.744528,0.23022413,0.08140856,21.151,0.081
641216100035134,zr,59022.40286,21.354853,0.20338202,0.091237426,21.151,0.081
641216100035134,zr,59022.40332,21.450708,0.2099849,0.08950829,21.151,0.081
641216100035134,zr,59022.40379,21.454056,0.21021545,0.087076545,21.151,0.081
641216100035134,zr,59022.40426,21.532639,0.2156285,0.08815497,21.151,0.081
641216100035134,zr,59022.4052,21.276506,0.19798529,0.0955667,21.151,0.081
641216100035134,zr,59022.40614,21.369156,0.20436728,0.093066886,21.151,0.081
641216100035134,zr,59022.40987,21.51123,0.21415389,0.08697476,21.151,0.081
641216100035134,zr,59022.41034,21.47942,0.21196258,0.08983933,21.151,0.081
641216100035134,zr,59022.41081,21.565264,0.21787584,0.087000094,21.151,0.081
641216100035134,zr,59022.41127,21.36163,0.20384884,0.086942054,21.151,0.081
641216100035134,zr,59022.41269,21.485435,0.21237695,0.09549956,21.151,0.081
641216100035134,zr,59022.41596,21.498508,0.21327746,0.09446157,21.151,0.081
641216100035134,zr,59022.41689,21.558342,0.217399,0.08886378,21.151,0.081
641216100035134,zr,59022.41829,21.325138,0.20133519,0.08598473,21.151,0.081
641216100035134,zr,59022.41923,21.159409,0.18991911,0.08901981,21.151,0.081
641216100035134,zr,59022.42016,21.543,0.21634221,0.09028935,21.151,0.081
641216100035134,zr,59022.42063,21.380861,0.20517361,0.085492685,21.151,0.081
641216100035134,zr,59022.42204,21.518795,0.21467495,0.08545752,21.151,0.081
641216100035134,zr,59022.4225,21.56543,0.21788728,0.08569537,21.151,0.081
641216100035134,zr,59022.42671,21.366375,0.20417571,0.08782974,21.151,0.081
641216100035134,zr,59022.42999,21.325796,0.20138049,0.08416308,21.151,0.081
641216100035134,zr,59022.43045,21.430939,0.20862305,0.07969892,21.151,0.081
641216100035134,zr,59022.43093,21.430109,0.20856595,0.083219565,21.151,0.081
641216100035134,zr,59022.43279,21.36797,0.2042855,0.08910051,21.151,0.081
641216100035134,zr,59022.43327,21.742496,0.23008418,0.08979255,21.151,0.081
641216100035134,zr,59022.43373,21.380836,0.20517182,0.08839531,21.151,0.081
641216100035134,zr,59022.43702,21.602598,0.22044754,0.0895857,21.151,0.081
641216100035134,zr,59022.43748,21.72762,0.22905946,0.08140964,21.151,0.081
641216100035134,zr,59022.43842,21.663969,0.22467494,0.086430475,21.151,0.081
641216100035134,zr,59022.44075,21.281462,0.19832659,0.08744113,21.151,0.081
641216100035134,zr,59022.44122,21.146942,0.18906045,0.08511656,21.151,0.081
641216100035134,zr,59022.44497,21.601109,0.2203449,0.08236066,21.151,0.081
641216100035134,zr,59022.44543,21.426823,0.20833957,0.088586,21.151,0.081
641216100035134,zr,59022.44637,21.432472,0.20872867,0.09119853,21.151,0.081
641216100035134,zr,59022.44684,21.147001,0.1890645,0.08691194,21.151,0.081
641216100035134,zr,59022.44824,21.563702,0.21776819,0.088465996,21.151,0.081
641216100035134,zr,59022.44871,21.563082,0.21772552,0.087197475,21.151,0.081
641216100035134,zr,59022.45012,21.634983,0.2226783,0.08529878,21.151,0.081
641216100035134,zr,59022.45058,21.437252,0.20905793,0.081431895,21.151,0.081
641216100035134,zr,59022.45106,21.394432,0.20610833,0.08260269,21.151,0.081
641216100035134,zr,59022.45198,21.59778,0.22011566,0.08899886,21.151,0.081
641216100035134,zr,59022.45339,21.576166,0.21862686,0.09098221,21.151,0.081
641216100035134,zr,59022.45479,21.672022,0.22522974,0.08968298,21.151,0.081
641216100035134,zr,59022.45527,21.14602,0.18899703,0.085600674,21.151,0.081
641216100035134,zr,59022.4562,21.626846,0.22211778,0.090684764,21.151,0.081
641216100035134,zr,59022.45761,21.459164,0.21056736,0.08888532,21.151,0.081
641216100035134,zr,59022.45807,21.367651,0.20426357,0.08620884,21.151,0.081
641216100035134,zr,59022.45855,21.757242,0.23109996,0.08413558,21.151,0.081
641216100035134,zr,59022.45995,21.323187,0.20120072,0.088214524,21.151,0.081
641216100035134,zr,59022.46041,21.340515,0.20239437,0.09182701,21.151,0.081
641216100035134,zr,59022.46087,21.536798,0.21591508,0.08897531,21.151,0.081
641216100035134,zr,59022.46135,21.211037,0.19347548,0.0853238,21.151,0.081
641216100035134,zr,59025.38407,21.186853,0.19180965,0.088043384,21.151,0.081
641216100035134,zr,59031.46058,21.457567,0.21045732,0.092496626,21.151,0.081
641116100063310,zg,59044.34299,21.521555,0.19743598,-0.051870354,21.915,0.177
641116100063310,zg,59047.28267,21.487429,0.19524813,-0.058782168,21.915,0.177
641216100035134,zr,59047.40666,21.180733,0.19138801,0.08969128,21.151,0.081
641216100035134,zr,59048.34688,21.394812,0.20613456,0.09682005,21.151,0.081
641116100063310,zg,59050.41638,21.841187,0.21792758,-0.06993063,21.915,0.177
641216100035134,zr,59051.37207,21.326923,0.2014581,0.09205318,21.151,0.081
641216100035134,zr,59054.36881,21.360954,0.20380235,0.08958005,21.151,0.081
641216100035134,zr,59055.35679,21.294937,0.19925487,0.09468297,21.151,0.081
641216100035134,zr,59059.37668,21.06952,0.18372738,0.09893596,21.151,0.081
641216100035134,zr,59076.3792,21.311268,0.20037973,0.09052892,21.151,0.081
641216100035134,zr,59129.2048,20.688307,0.15746808,0.08659509,21.151,0.081
641216100035134,zr,59137.18377,21.360569,0.20377576,0.09069552,21.151,0.081
641216100035134,zr,59139.24732,21.092573,0.18531537,0.09314819,21.151,0.081
641216100035134,zr,59141.1622,21.325006,0.20132613,0.09064197,21.151,0.081
641216100035134,zr,59143.13872,21.28336,0.19845736,0.083756074,21.151,0.081
641216100035134,zr,59280.52586,20.509066,0.14512134,0.08725891,21.151,0.081
641216100035134,zr,59282.52821,20.873024,0.170192,0.09205813,21.151,0.081
641216100035134,zr,59311.49296,21.14352,0.18882477,0.09300211,21.151,0.081
641116100063310,zg,59314.49501,21.387352,0.18883228,-0.038082734,21.915,0.177
641216100035134,zr,59317.45448,20.815504,0.16622984,0.09497746,21.151,0.081
641216100035134,zr,59344.42535,20.817436,0.166363,0.095038414,21.151,0.081
641116100063310,zg,59344.47197,21.644894,0.20534325,-0.06410962,21.915,0.177
641116100063310,zg,59348.44979,21.930544,0.2236563,-0.085449144,21.915,0.177
641216100035134,zr,59367.40245,21.148777,0.18918681,0.086545885,21.151,0.081
641116100063310,zg,59371.41178,21.557997,0.19977224,-0.07113069,21.915,0.177
641216100035134,zr,59371.44492,21.257797,0.19669652,0.08392356,21.151,0.081
641216100035134,zr,59376.43369,21.287361,0.19873297,0.08909036,21.151,0.081
641216100035134,zr,59381.40349,21.03548,0.18138254,0.091198176,21.151,0.081
641216100035134,zr,59386.41995,20.986519,0.17800999,0.08734407,21.151,0.081
641216100035134,zr,59401.35832,21.128578,0.18779552,0.09230158,21.151,0.081
641216100035134,zr,59403.35163,20.909367,0.1726954,0.09238544,21.151,0.081
641216100035134,zr,59408.3305,21.114305,0.18681228,0.09204771,21.151,0.081
641116100063310,zg,59410.37699,20.648226,0.14144695,-0.021175642,21.915,0.177
641216100035134,zr,59410.38417,19.530865,0.07742688,0.08960657,21.151,0.081
641116100063310,zg,59415.43651,13.245055,0.012150933,-0.06054703,21.915,0.177
641116100063310,zg,59418.34477,12.749337,0.011852442,-0.05216546,21.915,0.177
641116100063310,zg,59435.22544,12.677921,0.011811666,-0.0695592,21.915,0.177
641116100063310,zg,59438.36736,12.828376,0.011898142,-0.08325495,21.915,0.177
641116100063310,zg,59440.29299,12.848485,0.01190987,-0.058131635,21.915,0.177
641116100063310,zg,59442.30513,12.479321,0.011700587,-0.05821115,21.915,0.177
641116100063310,zg,59444.35569,12.605909,0.011771013,-0.07158969,21.915,0.177
641116100063310,zg,59448.20775,12.634379,0.011787032,-0.08849511,21.915,0.177
641116100063310,zg,59450.26293,12.751502,0.011853685,-0.06921174,21.915,0.177
641116100063310,zg,59452.32181,12.834788,0.011901878,-0.05414769,21.915,0.177
641116100063310,zg,59458.28088,12.084973,0.011488312,-0.05408569,21.915,0.177
641116100063310,zg,59460.3053,12.315453,0.011611186,-0.059056446,21.915,0.177
641116100063310,zg,59478.32424,12.536342,0.011732154,-0.057037704,21.915,0.177
641116100063310,zg,59480.3055,12.739834,0.011846989,-0.054343846,21.915,0.177
641116100063310,zg,59484.19703,13.048974,0.012029256,-0.059181847,21.915,0.177
641116100063310,zg,59487.22291,12.759362,0.011858203,-0.078763306,21.915,0.177
641116100063310,zg,59489.22589,12.647469,0.011794419,-0.057027247,21.915,0.177
641116100063310,zg,59502.22804,12.751554,0.0118537145,-0.05922128,21.915,0.177
641116100063310,zg,59504.21579,12.192828,0.01154543,-0.06474072,21.915,0.177
641116100063310,zg,59517.15478,12.861503,0.011917485,-0.041679263,21.915,0.177
641216100035134,zr,59520.22877,11.722257,0.012671832,0.08615358,21.151,0.081
641116100063310,zg,59522.13541,13.282481,0.012174788,-0.07133212,21.915,0.177
641216100035134,zr,59522.18117,12.281729,0.012617713,0.09001854,21.151,0.081
641116100063310,zg,59523.20084,12.674391,0.011809662,-0.0521307,21.915,0.177
641116100063310,zg,59524.1311,12.9759035,0.011985203,-0.06924367,21.915,0.177
641116100063310,zg,59525.12272,14.94973,0.013631033,-0.06641644,21.915,0.177
641216100035134,zr,59525.13329,13.595431,0.012621897,0.085208245,21.151,0.081
641216100035134,zr,59526.11635,13.353823,0.0125991125,0.090632014,21.151,0.081
641116100063310,zg,59526.17982,14.5408745,0.013170079,-0.056273274,21.915,0.177
641216100035134,zr,59527.12065,14.076057,0.012717181,0.0892865,21.151,0.081
641116100063310,zg,59527.15378,15.275202,0.014083179,-0.068662494,21.915,0.177
641116100063310,zg,59529.11262,16.46701,0.016942304,-0.06227072,21.915,0.177
641216100035134,zr,59529.16391,14.858041,0.013101837,0.08632989,21.151,0.081
641216100035134,zr,59530.22207,14.635132,0.012953054,0.09401752,21.151,0.081
641216100035134,zr,59531.11939,14.264431,0.012778466,0.08769292,21.151,0.081
641116100063310,zg,59531.18227,15.560914,0.014564856,-0.057135284,21.915,0.177
641216100035134,zr,59532.11329,14.290248,0.012788153,0.081342585,21.151,0.081
641116100063310,zg,59532.18505,15.608305,0.0146540785,-0.070789,21.915,0.177
641116100063310,zg,59540.11926,17.409222,0.022108303,-0.054501284,21.915,0.177
641216100035134,zr,59540.13597,15.798506,0.014320291,0.09713562,21.151,0.081
641116100063310,zg,59542.11511,17.913479,0.027097639,-0.06633003,21.915,0.177
641216100035134,zr,59542.15255,16.204155,0.015322958,0.088606745,21.151,0.081
641216100035134,zr,59625.55279,14.058329,0.012712208,0.09579057,21.151,0.081
641216100035134,zr,59625.55527,14.051294,0.012710269,0.10397081,21.151,0.081
641216100035134,zr,59625.55773,14.066762,0.012714556,0.09871358,21.151,0.081
641216100035134,zr,59625.56021,14.080966,0.012718581,0.1064007,21.151,0.081
641216100035134,zr,59625.56267,14.083195,0.01271922,0.100821756,21.151,0.081
641216100035134,zr,59629.54946,14.052001,0.012710463,0.08814147,21.151,0.081
641216100035134,zr,59629.55192,14.034223,0.012705647,0.093560606,21.151,0.081
641216100035134,zr,59629.5544,14.018466,0.012701485,0.090056956,21.151,0.081
641216100035134,zr,59629.55688,14.045297,0.012708632,0.09047689,21.151,0.081
641216100035134,zr,59629.55935,14.046713,0.012709017,0.09566327,21.151,0.081
641216100035134,zr,59630.54746,14.02746,0.01270385,0.08875401,21.151,0.081
641216100035134,zr,59630.54994,14.00951,0.012699163,0.0874244,21.151,0.081
641216100035134,zr,59630.55241,14.033069,0.01270534,0.088579446,21.151,0.081
641216100035134,zr,59630.55488,14.045913,0.0127088,0.08485134,21.151,0.081
641216100035134,zr,59630.55737,14.033488,0.012705452,0.08915179,21.151,0.081
641216100035134,zr,59640.528,13.957546,0.012686294,0.08267659,21.151,0.081
641216100035134,zr,59640.53052,13.977099,0.012691016,0.083220296,21.151,0.081
641216100035134,zr,59640.53303,13.974993,0.012690501,0.08494385,21.151,0.081
641216100035134,zr,59640.53555,13.95675,0.0126861045,0.08719833,21.151,0.081
641216100035134,zr,59641.5291,13.970731,0.012689463,0.07814824,21.151,0.081
641216100035134,zr,59641.53162,13.964563,0.012687972,0.08740361,21.151,0.081
641216100035134,zr,59641.53415,13.96137,0.012687205,0.085808,21.151,0.081
641216100035134,zr,59641.53668,13.980808,0.012691928,0.08639749,21.151,0.081
641216100035134,zr,59641.53922,13.980721,0.012691907,0.082944065,21.151,0.081
641216100035134,zr,59670.46963,13.976467,0.012690862,0.090364456,21.151,0.081
641116100063310,zg,59673.47175,14.991643,0.01368443,-0.041726854,21.915,0.177
641216100035134,zr,59673.4951,13.988599,0.0126938615,0.09339542,21.151,0.081
641116100063310,zg,59676.46712,14.993988,0.013687457,-0.053786505,21.915,0.177
641216100035134,zr,59676.48876,14.031104,0.012704817,0.09815044,21.151,0.081
641216100035134,zr,59678.47615,14.061048,0.012712962,0.09279377,21.151,0.081
641116100063310,zg,59678.48955,14.994865,0.0136885885,-0.050943334,21.915,0.177
641216100035134,zr,59683.42866,14.113205,0.012728025,0.09227219,21.151,0.081
641116100063310,zg,59685.4063,14.989451,0.013681605,-0.0282626,21.915,0.177
641216100035134,zr,59689.44887,14.152641,0.012740181,0.096759625,21.151,0.081
641116100063310,zg,59689.46713,14.989405,0.013681546,-0.049031347,21.915,0.177
641116100063310,zg,59694.44536,14.973831,0.013661577,-0.04512514,21.915,0.177
641216100035134,zr,59694.47598,14.240544,0.012769792,0.095325865,21.151,0.081
641116100063310,zg,59697.46662,14.9923525,0.013685346,-0.06560047,21.915,0.177
641216100035134,zr,59700.43103,14.266424,0.012779201,0.09067653,21.151,0.081
641116100063310,zg,59700.46521,14.996262,0.013690394,-0.066165686,21.915,0.177
641116100063310,zg,59702.47024,14.9826145,0.013672817,-0.063300006,21.915,0.177
641216100035134,zr,59708.36598,14.333054,0.01280496,0.102326185,21.151,0.081
641216100035134,zr,59708.46474,14.345869,0.012810175,0.08872825,21.151,0.081
641116100063310,zg,59711.42929,14.982853,0.013673124,-0.057511996,21.915,0.177
641216100035134,zr,59711.46563,14.383767,0.012826111,0.09258084,21.151,0.081
641216100035134,zr,59714.43208,14.362934,0.012817256,0.0920954,21.151,0.081
641116100063310,zg,59714.46186,15.0009575,0.013696474,-0.0907904,21.915,0.177
641216100035134,zr,59718.40586,14.431256,0.01284719,0.08218463,21.151,0.081
641216100035134,zr,59718.44404,14.416562,0.012840534,0.08320806,21.151,0.081
641216100035134,zr,59721.41277,14.429466,0.012846374,0.08782109,21.151,0.081
641216100035134,zr,59721.45233,14.459617,0.01286039,0.08415358,21.151,0.081
641116100063310,zg,59723.43465,14.995133,0.013688936,-0.08966609,21.915,0.177
641216100035134,zr,59723.45103,14.463614,0.012862288,0.08404678,21.151,0.081
641216100035134,zr,59725.42748,14.486219,0.0128732,0.089580886,21.151,0.081
641116100063310,zg,59725.44866,14.975018,0.013663094,-0.07913204,21.915,0.177
641216100035134,zr,59727.4034,14.47532,0.012867901,0.09038493,21.151,0.081
641116100063310,zg,59727.45129,14.996255,0.013690386,-0.07015605,21.915,0.177
641216100035134,zr,59731.43027,14.52784,0.012894097,0.0895687,21.151,0.081
641116100063310,zg,59733.44588,15.014008,0.013713462,-0.07090096,21.915,0.177
641216100035134,zr,59735.40822,14.615028,0.012941427,0.083018705,21.151,0.081
641116100063310,zg,59735.44845,15.004189,0.013700669,-0.06895278,21.915,0.177
641116100063310,zg,59737.41302,15.013992,0.013713442,-0.061655644,21.915,0.177
641216100035134,zr,59737.4489,14.628888,0.012949414,0.08650931,21.151,0.081
641116100063310,zg,59739.41142,15.0439415,0.013752921,-0.095661774,21.915,0.177
641216100035134,zr,59739.43634,14.6303835,0.012950283,0.08785285,21.151,0.081
641216100035134,zr,59741.38405,14.632297,0.012951397,0.08177347,21.151,0.081
641116100063310,zg,59741.46035,15.049221,0.013759953,-0.07383315,21.915,0.177
641216100035134,zr,59744.38372,14.660967,0.012968405,0.08079088,21.151,0.081
641216100035134,zr,59748.36508,14.697872,0.012991154,0.08719107,21.151,0.081
641116100063310,zg,59748.39286,15.051916,0.0137635525,-0.043694604,21.915,0.177
641316100106186,zi,59748.45798,15.26718,0.012474196,0.18193841,21.219,0.135
641116100063310,zg,59750.32954,15.0263815,0.013729689,-0.06563649,21.915,0.177
641216100035134,zr,59750.36559,14.714962,0.013002021,0.091056384,21.151,0.081
641116100063310,zg,59752.43916,15.058325,0.013772132,-0.06811124,21.915,0.177
641316100106186,zi,59753.40952,15.28444,0.01249378,0.1965248,21.219,0.135
641216100035134,zr,59755.3643,14.7596,0.013031438,0.089520216,21.151,0.081
641116100063310,zg,59755.41418,15.082712,0.013805083,-0.07680345,21.915,0.177
641116100063310,zg,59757.32386,15.078234,0.013798997,-0.077839285,21.915,0.177
641116100063310,zg,59757.36388,15.066482,0.0137831,-0.07704054,21.915,0.177
641216100035134,zr,59759.34703,14.816439,0.01307113,0.07896819,21.151,0.081
641216100035134,zr,59763.34874,14.838832,0.01308748,0.0858467,21.151,0.081
641116100063310,zg,59763.41109,15.078545,0.013799418,-0.044256777,21.915,0.177
641116100063310,zg,59765.40391,15.121217,0.013858107,-0.06693634,21.915,0.177
641116100063310,zg,59768.42456,15.096005,0.013823249,-0.05717766,21.915,0.177
641116100063310,zg,59770.38252,15.10724,0.013838716,-0.05971124,21.915,0.177
641116100063310,zg,59770.43299,15.110434,0.013843133,-0.061395872,21.915,0.177
641216100035134,zr,59772.35327,14.917462,0.013148247,0.090469696,21.151,0.081
641216100035134,zr,59772.43852,14.899701,0.013134052,0.08887267,21.151,0.081
641216100035134,zr,59774.32568,14.936417,0.013163705,0.08254797,21.151,0.081
641216100035134,zr,59774.40504,14.918523,0.013149103,0.086385466,21.151,0.081
641216100035134,zr,59776.3641,14.975711,0.013196794,0.08844894,21.151,0.081
641216100035134,zr,59779.29235,14.979368,0.013199948,0.08428272,21.151,0.081
641216100035134,zr,59779.38354,14.997103,0.013215416,0.0868757,21.151,0.081
641116100063310,zg,59781.28292,15.179306,0.013940492,-0.08561462,21.915,0.177
641116100063310,zg,59783.33253,15.187731,0.013952687,-0.07797721,21.915,0.177
641216100035134,zr,59783.37457,15.027977,0.013243067,0.091078706,21.151,0.081
641216100035134,zr,59785.30956,15.023651,0.013239138,0.0930435,21.151,0.081
641116100063310,zg,59785.35836,15.182099,0.013944529,-0.057037685,21.915,0.177
641216100035134,zr,59787.32132,15.08052,0.013292303,0.092271164,21.151,0.081
641116100063310,zg,59787.3764,15.17169,0.013929523,-0.057620086,21.915,0.177
641216100035134,zr,59789.34395,15.097068,0.013308395,0.08657432,21.151,0.081
641116100063310,zg,59789.36497,15.171076,0.01392864,-0.040727492,21.915,0.177
641116100063310,zg,59793.28966,15.233104,0.01401948,-0.08342688,21.915,0.177
641216100035134,zr,59793.32006,15.115377,0.013326534,0.082602754,21.151,0.081
641116100063310,zg,59795.32093,15.248456,0.0140425125,-0.062107097,21.915,0.177
641116100063310,zg,59798.3206,15.246268,0.0140392175,-0.057670075,21.915,0.177
641216100035134,zr,59798.34687,15.214003,0.01343056,0.08705419,21.151,0.081
641216100035134,zr,59800.41613,15.224437,0.013442212,0.0895169,21.151,0.081
641116100063310,zg,59802.32001,15.253453,0.014050059,-0.05154544,21.915,0.177
641216100035134,zr,59805.30307,15.241755,0.013461839,0.08436391,21.151,0.081
641316100106186,zi,59805.37655,15.779865,0.013361056,0.19855054,21.219,0.135
641116100063310,zg,59805.40589,15.277386,0.014086531,-0.05973902,21.915,0.177
641116100063310,zg,59807.39639,15.269131,0.014073887,-0.06298652,21.915,0.177
641216100035134,zr,59809.2746,15.306722,0.013538715,0.08391364,21.151,0.081
641116100063310,zg,59809.34261,15.288326,0.014103389,-0.05745415,21.915,0.177
641116100063310,zg,59811.29585,15.294678,0.014113231,-0.04424438,21.915,0.177
641216100035134,zr,59811.35482,15.337349,0.013576801,0.08667549,21.151,0.081
641216100035134,zr,59813.25959,15.318568,0.013553304,0.085287824,21.151,0.081
641116100063310,zg,59813.30259,15.29162,0.014108488,-0.048968486,21.915,0.177
641116100063310,zg,59815.26068,15.317657,0.014149173,-0.05297496,21.915,0.177
641216100035134,zr,59815.29048,15.346381,0.0135882655,0.08932544,21.151,0.081
641216100035134,zr,59817.23768,15.376023,0.013626651,0.0876743,21.151,0.081
641116100063310,zg,59817.30214,15.328705,0.014166642,-0.072254986,21.915,0.177
641216100035134,zr,59819.2508,15.379586,0.013631345,0.08617535,21.151,0.081
641116100063310,zg,59819.28416,15.333061,0.014173565,-0.05844322,21.915,0.177
641316100106186,zi,59819.31502,15.869006,0.013592179,0.19912086,21.219,0.135
641116100063310,zg,59821.17675,15.34485,0.014192398,-0.06651844,21.915,0.177
641216100035134,zr,59821.23771,15.392685,0.013648748,0.083699316,21.151,0.081
641316100106186,zi,59822.26644,15.931847,0.013771715,0.19808532,21.219,0.135
641216100035134,zr,59823.27713,15.390809,0.013646243,0.09126878,21.151,0.081
641116100063310,zg,59823.31672,15.338626,0.014182437,-0.06306891,21.915,0.177
641116100063310,zg,59825.30958,15.372581,0.01423727,-0.0672804,21.915,0.177
641216100035134,zr,59825.3399,15.424744,0.013692347,0.085143164,21.151,0.081
641116100063310,zg,59827.27813,15.376488,0.014243659,-0.06475053,21.915,0.177
641216100035134,zr,59829.17436,15.449958,0.0137276575,0.09021083,21.151,0.081
641116100063310,zg,59839.19423,15.433285,0.014338396,-0.06575187,21.915,0.177
641116100063310,zg,59839.28486,15.427935,0.01432932,-0.084022604,21.915,0.177
641116100063310,zg,59841.1938,15.44188,0.014353044,-0.063215345,21.915,0.177
641116100063310,zg,59841.27138,15.468921,0.014399682,-0.0747054,21.915,0.177
641216100035134,zr,59843.17301,15.586845,0.013936011,0.08074751,21.151,0.081
641116100063310,zg,59843.24279,15.470341,0.014402156,-0.074858256,21.915,0.177
641116100063310,zg,59845.21573,15.449601,0.014366275,-0.06345955,21.915,0.177
641216100035134,zr,59847.17689,15.616602,0.013985246,0.089133486,21.151,0.081
641116100063310,zg,59847.29054,15.473408,0.014407502,-0.056273583,21.915,0.177
641216100035134,zr,59849.15157,15.630812,0.014009284,0.08637858,21.151,0.081
641116100063310,zg,59849.21882,15.478352,0.014416149,-0.070271276,21.915,0.177
641316100106186,zi,59850.20453,16.16904,0.014588424,0.20353618,21.219,0.135
641216100035134,zr,59851.15833,15.659329,0.014058571,0.086346395,21.151,0.081
641116100063310,zg,59851.20892,15.482022,0.014422584,-0.06195826,21.915,0.177
641316100106186,zi,59852.22213,16.171638,0.014598698,0.19568238,21.219,0.135
641216100035134,zr,59853.24729,15.673737,0.01408401,0.092199504,21.151,0.081
641116100063310,zg,59853.28141,15.492403,0.014440875,-0.05829354,21.915,0.177
641116100063310,zg,59855.26581,15.50322,0.014460066,-0.06556109,21.915,0.177
641216100035134,zr,59855.28092,15.690043,0.01411325,0.08921132,21.151,0.081
641216100035134,zr,59857.19306,15.69328,0.01411911,0.09387352,21.151,0.081
641116100063310,zg,59857.26713,15.502635,0.014459027,-0.045923933,21.915,0.177
641116100063310,zg,59859.20263,15.521691,0.014493171,-0.096537165,21.915,0.177
641216100035134,zr,59859.22815,15.736437,0.014199085,0.0843875,21.151,0.081
641116100063310,zg,59861.18233,15.534705,0.014516744,-0.056335054,21.915,0.177
641116100063310,zg,59863.17847,15.5498,0.014544349,-0.059407193,21.915,0.177
641216100035134,zr,59863.25023,15.74606,0.014217393,0.08739387,21.151,0.081
641116100063310,zg,59865.19706,15.555175,0.014554248,-0.076584116,21.915,0.177
641216100035134,zr,59867.17475,15.784747,0.014292778,0.091205314,21.151,0.081
641216100035134,zr,59870.17557,15.804467,0.014332331,0.08908754,21.151,0.081
641216100035134,zr,59872.13171,15.831683,0.014388199,0.086311385,21.151,0.081
641116100063310,zg,59872.18363,15.581894,0.014603998,-0.067226395,21.915,0.177
641216100035134,zr,59874.14569,15.8215685,0.014367261,0.08878077,21.151,0.081
641116100063310,zg,59874.18659,15.589405,0.014618148,-0.05848857,21.915,0.177
641216100035134,zr,59877.15999,15.874212,0.0144785615,0.08455617,21.151,0.081
641116100063310,zg,59877.19947,15.609406,0.014656187,-0.068807185,21.915,0.177
641216100035134,zr,59879.13319,15.888641,0.014510089,0.08211837,21.151,0.081
641116100063310,zg,59879.20164,15.607176,0.01465192,-0.04974576,21.915,0.177
641116100063310,zg,59881.13183,15.626606,0.0146893235,-0.05838373,21.915,0.177
641216100035134,zr,59881.20966,15.908938,0.014555198,0.08474016,21.151,0.081
641216100035134,zr,59883.12203,15.901669,0.014538939,0.08865245,21.151,0.081
641116100063310,zg,59883.16509,15.640823,0.0147170145,-0.066184126,21.915,0.177
641216100035134,zr,59888.12335,15.940716,0.014627652,0.0912059,21.151,0.081
641116100063310,zg,59888.175,15.692766,0.014820555,-0.048999753,21.915,0.177
641116100063310,zg,59890.14027,15.689867,0.014814677,-0.0808221,21.915,0.177
641216100035134,zr,59895.14003,15.986434,0.014735923,0.08850673,21.151,0.081
641116100063310,zg,59895.16326,15.673268,0.014781247,-0.045914464,21.915,0.177
641116100063310,zg,59897.1373,15.694217,0.0148235,-0.061659757,21.915,0.177
641216100035134,zr,59897.17284,16.00809,0.014788918,0.08935964,21.151,0.081
641116100063310,zg,59899.13133,15.708581,0.014852837,-0.055283304,21.915,0.177
641216100035134,zr,59901.14178,16.010445,0.01479475,0.100456014,21.151,0.081
641216100035134,zr,59903.13502,16.03139,0.014847198,0.09249627,21.151,0.081
641116100063310,zg,59903.18386,15.671866,0.014778441,-0.044657737,21.915,0.177
641116100063310,zg,59907.12124,15.725584,0.0148879485,-0.05676538,21.915,0.177
641216100035134,zr,59907.16136,16.076826,0.014964718,0.09837116,21.151,0.081
641216100035134,zr,59909.12114,16.088009,0.014994444,0.08929447,21.151,0.081
641116100063310,zg,59909.20002,15.703881,0.014843206,-0.030722093,21.915,0.177
641216100035134,zr,59913.12956,16.120892,0.015083744,0.0895024,21.151,0.081
641216100035134,zr,59922.12715,16.173136,0.01523159,0.094277896,21.151,0.081
641216100035134,zr,59924.13035,16.21471,0.015354674,0.09287711,21.151,0.081
641116100063310,zg,59924.1524,15.745776,0.014930203,-0.03901752,21.915,0.177
641216100035134,zr,59935.13015,16.254257,0.015476409,0.09292035,21.151,0.081
641216100035134,zr,59951.0904,16.34338,0.015768267,0.0964419,21.151,0.081
641216100035134,zr,59951.09436,16.369858,0.01585987,0.10060973,21.151,0.081
641216100035134,zr,59951.09831,16.35833,0.015819704,0.095336765,21.151,0.081
641216100035134,zr,59951.10226,16.34262,0.015765674,0.093454935,21.151,0.081
641216100035134,zr,59951.10623,16.308746,0.015651885,0.10716514,21.151,0.081
641216100035134,zr,60029.47512,16.745392,0.017439723,0.0961109,21.151,0.081
641216100035134,zr,60032.44854,16.769047,0.01755916,0.10197373,21.151,0.081
641216100035134,zr,60042.46413,16.820251,0.017826924,0.08746376,21.151,0.081
641116100063310,zg,60042.48988,16.26792,0.016272016,-0.052700218,21.915,0.177
641216100035134,zr,60044.43194,16.818375,0.017816879,0.09460871,21.151,0.081
641216100035134,zr,60051.4506,16.84682,0.017970985,0.088778935,21.151,0.081
641116100063310,zg,60051.47506,16.27871,0.016305726,-0.047355685,21.915,0.177
641116100063310,zg,60054.4522,16.295404,0.016358446,-0.049039982,21.915,0.177
641216100035134,zr,60054.46218,16.834728,0.017904975,0.08950855,21.151,0.081
641116100063310,zg,60056.45515,16.306187,0.016392862,-0.055341918,21.915,0.177
641216100035134,zr,60056.47828,16.902958,0.018287323,0.086965665,21.151,0.081
641216100035134,zr,60058.45252,16.851269,0.01799545,0.090732455,21.151,0.081
641116100063310,zg,60058.47862,16.319178,0.016434716,-0.060576297,21.915,0.177
641216100035134,zr,60065.42548,16.928305,0.018435653,0.097278796,21.151,0.081
641116100063310,zg,60072.42482,16.358536,0.016564138,-0.04346538,21.915,0.177
641216100035134,zr,60072.4616,16.946823,0.018546253,0.09595271,21.151,0.081
641116100063310,zg,60076.42078,16.411842,0.016745927,-0.06923101,21.915,0.177
641216100035134,zr,60076.46178,16.995369,0.018845351,0.09056725,21.151,0.081
641116100063310,zg,60078.392,16.385593,0.016655454,-0.053714532,21.915,0.177
641216100035134,zr,60078.46173,16.956505,0.018604832,0.08874046,21.151,0.081
641116100063310,zg,60081.36581,16.386255,0.016657714,-0.062055394,21.915,0.177
641216100035134,zr,60081.41146,16.99519,0.018844225,0.09451798,21.151,0.081
641116100063310,zg,60083.43725,16.419147,0.016771438,-0.06918058,21.915,0.177
641216100035134,zr,60083.46361,17.021168,0.019009857,0.08535948,21.151,0.081
641116100063310,zg,60085.38507,16.440392,0.016846476,-0.066429004,21.915,0.177
641216100035134,zr,60085.45915,17.0099,0.018937519,0.08231808,21.151,0.081
641216100035134,zr,60087.40654,17.052996,0.019218277,0.08301226,21.151,0.081
641116100063310,zg,60087.45641,16.440598,0.016847212,-0.065098986,21.915,0.177
641116100063310,zg,60089.43737,16.47113,0.016957317,-0.06997288,21.915,0.177
641216100035134,zr,60089.45087,17.024906,0.019034022,0.08066908,21.151,0.081
641116100063310,zg,60092.35279,16.456799,0.0169053,-0.065789364,21.915,0.177
641216100035134,zr,60092.39517,17.037022,0.019112907,0.087830424,21.151,0.081
641216100035134,zr,60098.4033,17.050194,0.019199677,0.08911837,21.151,0.081
641216100035134,zr,60100.42714,17.086327,0.019443203,0.09323155,21.151,0.081
641116100063310,zg,60100.45834,16.497967,0.017056324,-0.06429292,21.915,0.177
641216100035134,zr,60103.40442,17.07319,0.019353734,0.09131526,21.151,0.081
641116100063310,zg,60103.43943,16.534454,0.017194381,-0.06867179,21.915,0.177
641216100035134,zr,60108.43861,17.096033,0.019510012,0.08258074,21.151,0.081
641216100035134,zr,60110.35412,17.102798,0.01955693,0.091458395,21.151,0.081
641116100063310,zg,60110.36158,16.521088,0.017143335,-0.048236053,21.915,0.177
641216100035134,zr,60112.39187,17.135912,0.019790854,0.08830966,21.151,0.081
641116100063310,zg,60112.43206,16.546017,0.017238975,-0.072220534,21.915,0.177
641216100035134,zr,60115.36044,17.144726,0.019854331,0.081654765,21.151,0.081
641116100063310,zg,60115.41632,16.533218,0.017189637,-0.06279923,21.915,0.177
641316100106186,zi,60117.45851,17.76398,0.030617882,0.19373384,21.219,0.135
641216100035134,zr,60118.37417,17.14249,0.019838177,0.08587763,21.151,0.081
641116100063310,zg,60118.4177,16.530731,0.01718011,-0.044570606,21.915,0.177
641216100035134,zr,60120.40897,17.145113,0.019857125,0.08813715,21.151,0.081
641116100063310,zg,60120.4229,16.561974,0.017301206,-0.05971245,21.915,0.177
641116100063310,zg,60122.43912,16.571882,0.01734025,-0.051539436,21.915,0.177
641216100035134,zr,60122.4459,17.13218,0.019764131,0.09329766,21.151,0.081
641216100035134,zr,60124.42472,17.141708,0.019832537,0.092922434,21.151,0.081
641116100063310,zg,60124.48785,16.593197,0.0174253,-0.04979262,21.915,0.177
641116100063310,zg,60133.33603,16.606138,0.017477658,-0.06077872,21.915,0.177
641216100035134,zr,60133.3836,17.224995,0.020456638,0.08832616,21.151,0.081
641116100063310,zg,60135.32761,16.64114,0.017622028,-0.07029198,21.915,0.177
641216100035134,zr,60135.43908,17.2266,0.020469144,0.08299045,21.151,0.081
641216100035134,zr,60137.41898,17.19918,0.020258086,0.087873556,21.151,0.081
641216100035134,zr,60139.36225,17.245953,0.020621333,0.08284461,21.151,0.081
641116100063310,zg,60139.43012,16.619474,0.017532183,-0.06324018,21.915,0.177
641116100063310,zg,60141.29941,16.621052,0.017538672,-0.04142122,21.915,0.177
641216100035134,zr,60143.38197,17.25663,0.02070646,0.07751257,21.151,0.081
641116100063310,zg,60143.42967,16.621243,0.017539456,-0.064877674,21.915,0.177
641216100035134,zr,60145.31291,17.247883,0.020636657,0.08621696,21.151,0.081
641116100063310,zg,60145.34993,16.682468,0.017797844,-0.06854576,21.915,0.177
641116100063310,zg,60147.40987,16.681768,0.01779482,-0.09676246,21.915,0.177
641216100035134,zr,60147.45293,17.260757,0.020739587,0.08541355,21.151,0.081
641116100063310,zg,60149.36684,16.626482,0.01756107,-0.045665096,21.915,0.177
641216100035134,zr,60149.40766,17.254932,0.020692872,0.0842482,21.151,0.081
641216100035134,zr,60151.401,17.269135,0.020807214,0.08533127,21.151,0.081
641116100063310,zg,60151.45586,16.676304,0.017771248,-0.07496882,21.915,0.177
641116100063310,zg,60156.32906,16.711256,0.017923845,-0.05065479,21.915,0.177
641216100035134,zr,60156.36074,17.230492,0.020499527,0.08764811,21.151,0.081
641216100035134,zr,60160.28449,17.29399,0.021010935,0.08732846,21.151,0.081
641116100063310,zg,60160.30174,16.723362,0.017977718,-0.062796436,21.915,0.177
641216100035134,zr,60162.34518,17.290176,0.02097938,0.08933742,21.151,0.081
641116100063310,zg,60162.36221,16.728676,0.018001536,-0.07012939,21.915,0.177
641216100035134,zr,60169.33744,17.32822,0.021299182,0.08375877,21.151,0.081
641116100063310,zg,60169.37365,16.730438,0.018009456,-0.066676095,21.915,0.177
641216100035134,zr,60171.27208,17.319283,0.021223048,0.09300658,21.151,0.081
641116100063310,zg,60171.34308,16.727917,0.017998127,-0.062011436,21.915,0.177
641216100035134,zr,60173.31589,17.314095,0.02117914,0.09062366,21.151,0.081
641116100063310,zg,60180.27272,16.826355,0.018458258,-0.078612365,21.915,0.177
641116100063310,zg,60182.24937,16.77148,0.018197194,-0.066372104,21.915,0.177
641216100035134,zr,60182.30416,17.384106,0.021789523,0.082365274,21.151,0.081
641116100063310,zg,60184.23541,16.805723,0.018358724,-0.057266694,21.915,0.177
641216100035134,zr,60184.32024,17.370596,0.021668691,0.082898006,21.151,0.081
641116100063310,zg,60186.19809,16.791855,0.018292757,-0.06425138,21.915,0.177
641216100035134,zr,60186.23594,17.388317,0.021827497,0.08943623,21.151,0.081
641216100035134,zr,60191.18566,17.406525,0.021993335,0.089650415,21.151,0.081
641116100063310,zg,60191.29144,16.817883,0.018417181,-0.06676934,21.915,0.177
641116100063310,zg,60193.25184,16.79343,0.018300215,-0.046720915,21.915,0.177
641216100035134,zr,60193.29563,17.38441,0.02179227,0.08154212,21.151,0.081
641216100035134,zr,60195.28568,17.421093,0.022128025,0.09067213,21.151,0.081
641116100063310,zg,60195.33313,16.807743,0.018368391,-0.04830362,21.915,0.177
641216100035134,zr,60198.26977,17.411676,0.022040766,0.086173385,21.151,0.081
641216100035134,zr,60201.19036,17.424156,0.022156578,0.08640211,21.151,0.081
641116100063310,zg,60203.27068,16.851475,0.01858175,-0.055134878,21.915,0.177
641216100035134,zr,60203.39383,17.405878,0.021987403,0.09074764,21.151,0.081
641216100035134,zr,60205.20958,17.45303,0.022429593,0.08593344,21.151,0.081
641116100063310,zg,60205.26558,16.865849,0.018653564,-0.06330519,21.915,0.177
641216100035134,zr,60207.174,17.433863,0.022247555,0.08704379,21.151,0.081
641116100063310,zg,60207.2248,16.868082,0.018664803,-0.06457326,21.915,0.177
641216100035134,zr,60211.154,17.434868,0.022257023,0.08884242,21.151,0.081
641116100063310,zg,60211.22433,16.898102,0.01881785,-0.062171698,21.915,0.177
641116100063310,zg,60213.16293,16.87355,0.0186924,-0.08542971,21.915,0.177
641216100035134,zr,60213.18986,17.451412,0.022414109,0.09081545,21.151,0.081
641116100063310,zg,60215.18201,16.8891,0.018771552,-0.053755775,21.915,0.177
641216100035134,zr,60215.23856,17.458244,0.022479666,0.0870347,21.151,0.081
641116100063310,zg,60217.13528,16.873217,0.01869071,-0.054222982,21.915,0.177
641216100035134,zr,60217.1549,17.459785,0.02249451,0.08602547,21.151,0.081
641116100063310,zg,60221.20807,16.927906,0.018973602,-0.067750596,21.915,0.177
641216100035134,zr,60221.21832,17.497927,0.022868559,0.083793186,21.151,0.081
641116100063310,zg,60223.15182,16.942749,0.01905261,-0.07739869,21.915,0.177
641216100035134,zr,60223.1965,17.505924,0.022948643,0.087085724,21.151,0.081
641116100063310,zg,60226.20207,16.951294,0.019098537,-0.068297304,21.915,0.177
641216100035134,zr,60226.21761,17.496948,0.022858799,0.08778182,21.151,0.081
641216100035134,zr,60228.16277,17.57114,0.02362371,0.09636927,21.151,0.081
641116100063310,zg,60228.22677,16.931995,0.01899527,-0.08089754,21.915,0.177
641216100035134,zr,60231.15921,17.489958,0.022789335,0.0925499,21.151,0.081
641116100063310,zg,60231.18504,16.935583,0.019014345,-0.059814982,21.915,0.177
641216100035134,zr,60233.15627,17.504616,0.022935499,0.09116527,21.151,0.081
641116100063310,zg,60233.20373,16.954681,0.01911684,-0.068452604,21.915,0.177
641216100035134,zr,60235.13982,17.536358,0.023258721,0.09402631,21.151,0.081
641116100063310,zg,60235.17929,16.940708,0.01904169,-0.059322454,21.915,0.177
641216100035134,zr,60237.16743,17.493841,0.022827877,0.08830758,21.151,0.081
641116100063310,zg,60237.22206,16.937424,0.019024152,-0.04877947,21.915,0.177
641216100035134,zr,60239.13339,17.54602,0.023358976,0.08504941,21.151,0.081
641116100063310,zg,60239.18123,16.958012,0.019134874,-0.0670485,21.915,0.177
641116100063310,zg,60242.16531,17.016953,0.019462531,-0.07974841,21.915,0.177
641116100063310,zg,60245.13615,16.985119,0.019283578,-0.06957844,21.915,0.177
641216100035134,zr,60245.20472,17.567537,0.023585377,0.089487605,21.151,0.081
641116100063310,zg,60247.11853,16.988247,0.019300953,-0.05087202,21.915,0.177
641216100035134,zr,60247.14643,17.57735,0.023690097,0.09129792,21.151,0.081
641116100063310,zg,60249.13627,17.026781,0.019518742,-0.06753959,21.915,0.177
641216100035134,zr,60249.17391,17.560158,0.023507226,0.08553125,21.151,0.081
641116100063310,zg,60251.12384,16.997442,0.019352289,-0.05616243,21.915,0.177
641216100035134,zr,60251.18398,17.550728,0.023408134,0.090476245,21.151,0.081
641216100035134,zr,60253.14372,17.622593,0.024185032,0.080418125,21.151,0.081
641116100063310,zg,60253.19476,16.976463,0.01923573,-0.05394441,21.915,0.177
641116100063310,zg,60255.12381,16.988842,0.01930426,-0.06434046,21.915,0.177
641216100035134,zr,60255.14436,17.54889,0.0233889,0.08903797,21.151,0.081
641216100035134,zr,60258.1189,17.588707,0.023812436,0.08761855,21.151,0.081
641116100063310,zg,60258.15069,17.000793,0.019371096,-0.061211552,21.915,0.177
641216100035134,zr,60260.12053,17.629112,0.024258014,0.08373262,21.151,0.081
641116100063310,zg,60260.15433,17.034676,0.019564236,-0.06679788,21.915,0.177
641116100063310,zg,60262.15315,17.017845,0.019467615,-0.06217565,21.915,0.177
641216100035134,zr,60268.1319,17.58765,0.023801006,0.09089131,21.151,0.081
641116100063310,zg,60268.18072,17.06561,0.019745398,-0.046297982,21.915,0.177
641216100035134,zr,60285.14102,17.681232,0.024857195,0.09381812,21.151,0.081
641216100035134,zr,60288.16155,17.881214,0.027433384,0.10177568,21.151,0.081
641116100063310,zg,60290.11915,17.087852,0.019878574,-0.0554272,21.915,0.177
641216100035134,zr,60290.15567,17.640774,0.02438966,0.09034085,21.151,0.081
1685207200024460,zr,60351.54901,17.790527,0.026180744,0.1236721,21.254,0.091
1685207200024460,zr,60351.54948,17.767551,0.025864536,0.12526481,21.254,0.091
1685207200024460,zr,60351.54996,17.803764,0.026365945,0.11329247,21.254,0.091
1685207200024460,zr,60352.5496,17.843105,0.026929662,0.13148634,21.254,0.091
1685207200024460,zr,60353.54825,17.744146,0.025549125,0.110992216,21.254,0.091
1685207200024460,zr,60353.54872,17.767502,0.025863854,0.1092491,21.254,0.091
1685207200024460,zr,60353.54919,17.775215,0.025969267,0.111973144,21.254,0.091
641216100035134,zr,60354.55352,17.759258,0.025808105,0.10594612,21.151,0.081
641216100035134,zr,60354.55398,17.80952,0.026456662,0.10044542,21.151,0.081
641216100035134,zr,60354.55445,17.813484,0.026509052,0.0988363,21.151,0.081
641216100035134,zr,60355.55554,17.837788,0.026834352,0.106462196,21.151,0.081
641216100035134,zr,60355.55601,17.813385,0.026507743,0.10218815,21.151,0.081
641216100035134,zr,60355.55649,17.913746,0.027897459,0.10322745,21.151,0.081
641216100035134,zr,60356.55689,17.807781,0.026433732,0.0910694,21.151,0.081
641216100035134,zr,60356.55737,17.831165,0.026745018,0.09193092,21.151,0.081
641216100035134,zr,60356.55784,17.789745,0.026198016,0.10161217,21.151,0.081
641216100035134,zr,60357.55317,17.811329,0.02648054,0.09580223,21.151,0.081
641216100035134,zr,60357.55365,17.785278,0.026140224,0.091109894,21.151,0.081
641216100035134,zr,60357.55411,17.809725,0.026459351,0.09629802,21.151,0.081
641116100063310,zg,60390.49506,17.3641,0.02175759,-0.04782526,21.915,0.177
641116100063310,zg,60403.46916,17.460522,0.022523671,-0.042089727,21.915,0.177
641216100035134,zr,60403.51812,17.954414,0.028496724,0.09425937,21.151,0.081
641116100063310,zg,60407.46635,17.454838,0.022476755,-0.049716678,21.915,0.177
641216100035134,zr,60407.48703,17.917755,0.027955597,0.097571544,21.151,0.081
641216100035134,zr,60422.40686,17.997093,0.02914912,0.09600165,21.151,0.081
641116100063310,zg,60422.47708,17.52246,0.023049919,-0.06042828,21.915,0.177
641116100063310,zg,60428.44412,17.53297,0.02314199,-0.058483686,21.915,0.177
641216100035134,zr,60428.46539,17.962128,0.028612819,0.090299726,21.151,0.081
641216100035134,zr,60430.45609,18.009537,0.029344007,0.090989314,21.151,0.081
641216100035134,zr,60433.44765,17.97147,0.028754499,0.09354795,21.151,0.081
641116100063310,zg,60433.47785,17.552305,0.023313545,-0.08581645,21.915,0.177
641216100035134,zr,60443.38464,17.945312,0.028360717,0.096015,21.151,0.081
641116100063310,zg,60443.45101,17.5879,0.02363685,-0.08747986,21.915,0.177
641116100063310,zg,60446.42295,17.598438,0.023734463,-0.07864328,21.915,0.177
641216100035134,zr,60446.45536,17.988361,0.029013637,0.08727069,21.151,0.081
641216100035134,zr,60449.38366,18.010262,0.029355424,0.09420513,21.151,0.081
641116100063310,zg,60449.44562,17.584103,0.023601895,-0.07479625,21.915,0.177
641216100035134,zr,60451.38417,18.005508,0.029280672,0.09097335,21.151,0.081
641116100063310,zg,60451.43658,17.619614,0.023933275,-0.06084017,21.915,0.177
641216100035134,zr,60455.39075,18.02723,0.02962477,0.1042486,21.151,0.081
641216100035134,zr,60458.38753,18.028965,0.029652549,0.09153429,21.151,0.081
641116100063310,zg,60458.42557,17.608353,0.023827104,-0.061752815,21.915,0.177
641216100035134,zr,60460.39117,18.020561,0.02951845,0.087920375,21.151,0.081
641116100063310,zg,60460.4259,17.637592,0.024104921,-0.072261184,21.915,0.177
641216100035134,zr,60463.41002,18.035515,0.029757775,0.08476169,21.151,0.081
641116100063310,zg,60463.44809,17.655289,0.024276456,-0.0750605,21.915,0.177
641216100035134,zr,60469.40496,18.071747,0.03035082,0.082655035,21.151,0.081
641116100063310,zg,60469.44222,17.653637,0.024260331,-0.06573615,21.915,0.177
641216100035134,zr,60471.37223,18.053978,0.030057633,0.08924005,21.151,0.081
641116100063310,zg,60471.41483,17.63847,0.024113365,-0.07283001,21.915,0.177
641216100035134,zr,60473.40367,18.089779,0.030653067,0.07861642,21.151,0.081
641116100063310,zg,60473.44262,17.7014,0.024735782,-0.06683489,21.915,0.177
641116100063310,zg,60476.38327,17.68396,0.024559926,-0.062207803,21.915,0.177
641216100035134,zr,60476.45854,18.073547,0.030380797,0.09149707,21.151,0.081
641216100035134,zr,60479.36494,18.077362,0.030444438,0.09082459,21.151,0.081
641116100063310,zg,60479.46147,17.672558,0.024446359,-0.04746202,21.915,0.177
641216100035134,zr,60482.362,18.059006,0.030140119,0.09279164,21.151,0.081
641116100063310,zg,60482.42215,17.6787,0.024507394,-0.0527735,21.915,0.177
641216100035134,zr,60484.34829,18.083086,0.03054032,0.08809324,21.151,0.081
641116100063310,zg,60484.39881,17.654346,0.024267253,-0.06508529,21.915,0.177
641216100035134,zr,60487.4119,18.134087,0.031416237,0.075518854,21.151,0.081
641216100035134,zr,60489.36512,18.07022,0.030325461,0.087375835,21.151,0.081
641116100063310,zg,60489.44242,17.738888,0.025122758,-0.07321116,21.915,0.177
641216100035134,zr,60491.41767,18.091652,0.030684732,0.091379926,21.151,0.081
641116100063310,zg,60491.46012,17.726997,0.024998665,-0.065585285,21.915,0.177
641216100035134,zr,60500.38319,18.14713,0.03164654,0.08573055,21.151,0.081
641116100063310,zg,60500.42439,17.715235,0.02487715,-0.07226386,21.915,0.177
641216100035134,zr,60503.3847,18.111675,0.031026535,0.095437475,21.151,0.081
641216100035134,zr,60505.38397,18.186808,0.03236351,0.083699845,21.151,0.081
641216100035134,zr,60508.32322,18.121252,0.031192116,0.08388129,21.151,0.081
641216100035134,zr,60510.3582,18.131481,0.03137053,0.08471476,21.151,0.081
641116100063310,zg,60510.39726,17.749176,0.02523114,-0.0616829,21.915,0.177
641116100063310,zg,60515.33676,17.818167,0.0259831,-0.09982062,21.915,0.177
641216100035134,zr,60515.40821,18.20169,0.032638874,0.08852733,21.151,0.081
641216100035134,zr,60518.30189,18.181797,0.03227161,0.089955114,21.151,0.081
641116100063310,zg,60518.38968,17.789688,0.025667317,-0.068947695,21.915,0.177
641116100063310,zg,60520.33583,17.78373,0.02560222,-0.07817412,21.915,0.177
641216100035134,zr,60520.36489,18.18009,0.03224039,0.08646233,21.151,0.081
641216100035134,zr,60522.28587,18.220089,0.032984227,0.08364314,21.151,0.081
641116100063310,zg,60522.33242,17.783604,0.025600841,-0.06060595,21.915,0.177
641116100063310,zg,60525.23817,17.763596,0.025384663,-0.059921656,21.915,0.177
641216100035134,zr,60525.28058,18.143898,0.031589247,0.08930756,21.151,0.081
641216100035134,zr,60527.26142,18.160656,0.03188821,0.09392404,21.151,0.081
641116100063310,zg,60527.33495,17.804193,0.025827197,-0.06749741,21.915,0.177
641216100035134,zr,60529.29156,18.238384,0.03333312,0.08709676,21.151,0.081
641116100063310,zg,60529.30504,17.794697,0.025722304,-0.06371518,21.915,0.177
641216100035134,zr,60531.27914,18.17838,0.032209147,0.09326282,21.151,0.081
641116100063310,zg,60531.30124,17.822342,0.026030041,-0.08601124,21.915,0.177
641216100035134,zr,60535.29603,18.214327,0.03287547,0.07934533,21.151,0.081
641116100063310,zg,60535.32432,17.813354,0.0259292,-0.043146446,21.915,0.177
641216100035134,zr,60537.30323,18.222967,0.03303874,0.081465736,21.151,0.081
641116100063310,zg,60537.34241,17.830894,0.026126739,-0.06475067,21.915,0.177
641216100035134,zr,60539.30744,18.09643,0.030765748,0.09134527,21.151,0.081
641216100035134,zr,60543.29621,18.23145,0.033200208,0.089012854,21.151,0.081
641116100063310,zg,60543.3158,17.803555,0.025820114,-0.05238341,21.915,0.177
641216100035134,zr,60545.26157,18.256296,0.03368008,0.08854075,21.151,0.081
641116100063310,zg,60545.32615,17.894358,0.026866702,-0.0695684,21.915,0.177
641116100063310,zg,60547.30053,17.856594,0.02642156,-0.053630784,21.915,0.177
641216100035134,zr,60547.41786,18.241127,0.03338591,0.09005553,21.151,0.081
641116100063310,zg,60549.30226,17.838478,0.026213057,-0.054592606,21.915,0.177
641216100035134,zr,60549.35589,18.213177,0.032853823,0.080566496,21.151,0.081
641216100035134,zr,60551.25376,18.195848,0.032530356,0.08882715,21.151,0.081
641116100063310,zg,60551.28402,17.840975,0.02624161,-0.06119995,21.915,0.177
641116100063310,zg,60553.32606,17.863873,0.026506249,-0.068064764,21.915,0.177
641216100035134,zr,60553.37058,18.288134,0.03431021,0.08844098,21.151,0.081
641216100035134,zr,60556.24341,18.265852,0.03386739,0.08549107,21.151,0.081
641116100063310,zg,60556.26951,17.874329,0.026628824,-0.052277666,21.915,0.177
641116100063310,zg,60558.28327,17.933666,0.027345588,-0.075333014,21.915,0.177
641216100035134,zr,60558.30289,18.228025,0.033134885,0.082853876,21.151,0.081
641116100063310,zg,60562.23262,17.877039,0.026660768,-0.04269712,21.915,0.177
641216100035134,zr,60562.3368,18.24435,0.0334481,0.0901603,21.151,0.081
641116100063310,zg,60564.26939,17.884491,0.026749017,-0.078530885,21.915,0.177
641216100035134,zr,60566.20996,18.23891,0.033343233,0.09310592,21.151,0.081
641216100035134,zr,60569.19371,18.21816,0.03294776,0.091609314,21.151,0.081
641216100035134,zr,60572.19346,18.3202,0.03496253,0.08205805,21.151,0.081
641116100063310,zg,60572.37772,17.876207,0.026650965,-0.034444973,21.915,0.177
641216100035134,zr,60579.23833,18.338274,0.035338186,0.08716628,21.151,0.081
641116100063310,zg,60579.28774,17.89458,0.026869386,-0.058278795,21.915,0.177
641116100063310,zg,60591.21012,17.95708,0.027638571,-0.055845182,21.915,0.177
641216100035134,zr,60593.1927,18.271025,0.03396945,0.0871974,21.151,0.081
641116100063310,zg,60593.24079,17.96851,0.027783735,-0.05515341,21.915,0.177
641116100063310,zg,60595.14822,17.960632,0.027683536,-0.055222824,21.915,0.177
641216100035134,zr,60595.20308,18.310154,0.034756232,0.08887564,21.151,0.081
641216100035134,zr,60597.14516,18.292362,0.034395203,0.08645891,21.151,0.081
641116100063310,zg,60597.19608,18.03756,0.028691527,-0.069150165,21.915,0.177
641216100035134,zr,60599.32947,18.288166,0.034310855,0.09280177,21.151,0.081
641116100063310,zg,60602.24214,17.952343,0.027578816,-0.051680926,21.915,0.177
641116100063310,zg,60604.13722,17.989952,0.028059924,-0.060154337,21.915,0.177
641216100035134,zr,60604.18654,18.331493,0.03519657,0.09481514,21.151,0.081
641216100035134,zr,60606.15228,18.325611,0.035074387,0.08658727,21.151,0.081
641116100063310,zg,60606.18354,17.980284,0.027934754,-0.06712642,21.915,0.177
641216100035134,zr,60608.16668,18.286457,0.034276582,0.09091786,21.151,0.081
641116100063310,zg,60610.14274,18.033955,0.028642798,-0.06376305,21.915,0.177
641216100035134,zr,60610.16609,18.379227,0.036211204,0.09770824,21.151,0.081
